date_sampled,address,1st_draw,2nd_draw,3rd_draw,4th_draw,5th_draw,6th_draw,7th_draw,8th_draw,9th_draw,10th_draw,year,month,1st_5th_highest,highest_sample
2016-02-28,27XX N Wilton Ave**,22.3,25.7,29.8,33.5,38.0,39.9,38.3,35.2,31.3,26.2,2016,2,38.0,39.9
2016-03-04,54XX S Harper Ave**,13.7,21.0,22.8,19.3,14.5,10.7,9.33,7.44,6.66,5.79,2016,3,14.5,22.8
2016-03-04,81XX S Euclid Ave,1.18,0.0,0.0,0.0,0.0,0.0,0.0,0.0,0.0,0.0,2016,3,1.18,1.18
2016-03-16,11XX W George St,8.01,8.5,10.8,9.0,9.42,10.3,10.5,9.28,6.19,5.1,2016,3,9.42,10.8
2016-03-16,93XX S Bennett Ave,4.8,4.41,7.92,9.22,9.84,10.6,11.8,11.9,10.9,10.1,2016,3,9.84,11.9
2016-03-25,3XX W 100th Pl**,4.54,3.19,2.58,2.97,3.06,5.38,4.74,5.0,6.04,7.62,2016,3,4.54,7.62
2016-03-25,92XX S Dauphin Ave,0.0,0.0,0.0,0.0,0.0,0.0,0.0,0.0,0.0,0.0,2016,3,0.0,0.0
2016-03-26,11XX W Lunt Ave,0.0,0.0,0.0,0.0,0.0,0.0,0.0,0.0,0.0,0.0,2016,3,0.0,0.0
2016-03-26,62XX S Kedzie Ave,5.89,3.24,1.59,1.39,0.0,0.0,0.0,0.0,0.0,0.0,2016,3,5.89,5.89
2016-03-26,78XX S Jeffery Blvd,1.41,1.15,1.32,0.0,1.05,1.14,1.04,1.62,0.0,0.0,2016,3,1.41,1.62
2016-04-14,21XX W Belle Plaine Ave,12.5,15.1,33.3,57.5,27.4,19.1,10.6,13.4,11.4,5.98,2016,4,27.4,57.5
2016-04-15,25XX N St Louis Ave,9.03,10.0,12.6,10.8,8.98,7.5,6.09,5.12,4.7,3.1,2016,4,9.03,12.6
2016-04-16,96XX S Damen Ave,2.38,6.26,3.77,3.67,3.5,3.68,5.86,8.63,9.41,9.42,2016,4,3.5,9.42
2016-04-27,59XX N Kilpatrick Ave,1.23,1.58,1.45,3.67,6.36,7.72,8.03,9.45,12.2,25.4,2016,4,6.36,25.4
2016-04-30,18XX W Cuyler Ave,1.01,3.63,6.78,6.8,3.68,4.52,4.52,4.64,5.33,4.06,2016,4,3.68,6.8
2016-04-30,80XX S Constance Ave,58.0,19.1,14.8,21.2,14.1,14.0,16.8,17.6,11.7,22.8,2016,4,58.0,58.0
2016-05-12,3XX W 100th Pl**,3.66,4.71,4.34,4.26,5.75,5.78,8.67,14.8,16.8,,2016,5,5.75,16.8
2016-05-13,54XX S Harper Ave**,19.8,29.3,30.8,27.3,16.2,13.1,10.6,12.1,11.2,9.43,2016,5,19.8,30.8
2016-05-14,99XX S Perry Ave,1.66,2.43,2.4,2.46,2.34,2.61,2.9,2.8,2.64,2.4,2016,5,2.34,2.9
2016-05-16,36XX W 115th St,2.09,2.11,2.12,2.23,2.24,2.26,2.25,2.06,1.87,1.82,2016,5,2.24,2.26
2016-05-26,95XX S Prospect Ave,4.68,6.35,11.3,21.5,16.5,36.7,25.6,33.4,15.7,26.6,2016,5,16.5,36.7
2016-06-10,50XX S Washtenaw Ave,23.8,13.2,9.86,4.95,5.78,5.06,4.64,4.15,4.65,3.57,2016,6,23.8,23.8
2016-06-13,90XX S Dr Martin Luther King Jr Dr,6.61,9.09,8.78,8.41,8.36,6.44,14.0,6.78,3.52,4.84,2016,6,8.36,14.0
2016-06-18,68XX S Constance Ave**,3.57,4.72,7.39,7.86,6.1,8.71,7.74,7.97,6.3,6.35,2016,6,6.1,8.71
2016-06-21,76XX S Merrill Ave,15.1,0.0,0.0,1.31,1.23,2.27,1.32,1.41,0.0,0.0,2016,6,15.1,15.1
2016-07-01,15XX N Claremont Ave,34.1,16.2,18.5,15.6,15.9,13.9,13.6,14.2,13.5,13.8,2016,7,34.1,34.1
2016-07-01,58XX N Overhill Ave**,7.81,8.43,8.39,7.4,8.12,7.49,7.36,21.1,29.7,23.6,2016,7,8.12,29.7
2016-07-07,13XX N Monitor Ave,9.96,7.84,9.57,15.5,25.1,22.6,20.9,21.6,19.0,21.3,2016,7,25.1,25.1
2016-07-08,17XX N Rutherford Ave****,11.8,9.33,8.37,8.4,8.73,11.4,16.6,36.9,39.2,39.1,2016,7,11.8,39.2
2016-07-08,61XX N McClellan Ave,10.3,13.5,7.35,8.6,10.5,11.4,11.4,10.2,9.44,9.22,2016,7,10.5,13.5
2016-07-16,100XX S Calhoun Ave,3.7,2.62,8.83,13.8,13.2,13.6,12.3,11.8,10.8,8.01,2016,7,13.2,13.8
2016-07-16,18XX N Dayton St***,9.75,14.0,15.0,16.2,22.6,27.2,27.8,29.5,29.2,25.4,2016,7,22.6,29.5
2016-07-16,32XX S Carpenter St,4.76,6.95,8.5,9.83,11.0,12.0,13.1,19.2,25.3,24.2,2016,7,11.0,25.3
2016-07-16,46XX N Winchester Ave,7.6,28.6,27.5,21.2,20.8,16.4,17.7,17.8,15.9,11.6,2016,7,20.8,28.6
2016-07-18,3XX E 89th Pl,35.4,27.8,20.8,28.4,20.6,17.8,20.7,24.6,20.8,19.9,2016,7,35.4,35.4
2016-07-22,106XX S Leavitt St**,24.8,20.4,32.5,33.8,37.2,50.8,59.5,57.1,48.7,39.6,2016,7,37.2,59.5
2016-07-22,25XX W Jarvis Ave,4.25,10.1,4.5,3.54,7.48,6.32,4.82,5.58,8.52,12.1,2016,7,7.48,12.1
2016-07-25,103XX S Vernon Ave,3.49,3.3,3.32,5.7,3.9,4.56,5.3,5.5,7.27,7.67,2016,7,3.9,7.67
2016-07-25,79XX S LaSalle Dr,2.69,8.7,12.5,19.0,29.5,39.7,6.81,5.12,9.62,7.13,2016,7,29.5,39.7
2016-07-26,95XX S University Ave**,38.1,58.5,56.2,46.2,46.3,35.5,30.3,26.9,24.9,23.9,2016,7,46.3,58.5
2016-07-27,36XX S Winchester Ave,6.52,6.58,7.38,4.9,9.17,10.7,8.88,8.11,9.26,10.5,2016,7,9.17,10.7
2016-07-27,59XX N Mulligan Ave,2.3,2.43,1.38,3.11,1.55,1.99,1.64,2.41,1.62,1.12,2016,7,2.3,3.11
2016-07-28,17XX N Rutherford Ave***,17.4,21.2,23.2,23.8,24.6,27.7,29.6,34.5,36.7,35.7,2016,7,24.6,36.7
2016-07-28,51XX S Mulligan Ave,10.3,12.5,15.4,18.1,20.8,20.4,12.9,12.3,12.6,12.4,2016,7,20.8,20.8
2016-07-29,47XX S Greenwood Ave**,9.93,9.5,8.34,9.71,10.5,8.19,10.4,12.6,13.5,13.3,2016,7,10.5,13.5
2016-08-10,14XX W Superior St,148.0,116.0,38.1,19.9,17.1,15.9,15.9,14.9,14.4,14.3,2016,8,148.0,148.0
2016-08-18,34XX S Union Ave**,7.66,7.64,7.3,7.3,7.05,6.94,8.12,10.9,13.6,,2016,8,7.66,13.6
2016-08-18,42XX N Avers Ave,0.0,4.03,10.7,10.9,5.15,8.08,7.99,7.96,7.99,3.61,2016,8,5.15,10.9
2016-08-19,25XX N Central Park Ave,9.36,10.3,20.7,21.0,22.0,31.9,20.3,18.1,21.1,19.0,2016,8,22.0,31.9
2016-08-19,61XX N Ottawa Ave,3.69,6.85,7.18,7.54,6.85,6.76,6.95,7.01,6.94,6.94,2016,8,6.85,7.54
2016-08-20,68XX S Constance Ave**,3.57,5.17,7.57,8.16,9.05,10.2,10.5,11.4,12.4,13.4,2016,8,9.05,13.4
2016-08-22,99XX S Prospect Ave,7.76,10.8,10.1,7.81,7.8,10.3,15.0,16.2,15.9,15.4,2016,8,7.8,16.2
2016-08-23,13XX W Winona St,8.7,12.3,19.2,17.5,18.2,19.0,18.0,15.8,15.4,15.6,2016,8,18.2,19.2
2016-08-23,84XX S Hermitage Ave,9.46,11.4,11.4,11.9,12.4,13.0,12.8,12.0,12.2,11.6,2016,8,12.4,13.0
2016-08-26,103XX S St Louis Ave,0.0,0.0,2.34,2.35,5.64,12.3,13.4,12.7,12.0,10.3,2016,8,5.64,13.4
2016-08-27,18XX W Wellington Ave,5.77,7.0,8.41,9.07,8.44,9.32,11.6,15.7,17.1,16.1,2016,8,8.44,17.1
2016-08-30,61XX S Ellis Ave**,3.71,4.36,4.54,5.15,6.06,6.32,6.26,6.06,5.7,7.24,2016,8,6.06,7.24
2016-08-30,85XX S Dante Ave,6.54,7.33,9.07,9.96,11.8,12.2,11.8,17.4,20.0,20.9,2016,8,11.8,20.9
2016-09-01,12XX W Victoria St,2.67,4.09,4.32,4.26,4.25,4.34,4.22,4.49,4.45,4.8,2016,9,4.25,4.8
2016-09-01,58XX N Overhill Ave,11.6,15.0,23.0,25.8,26.1,25.8,25.5,26.0,25.5,22.6,2016,9,26.1,26.1
2016-09-01,58XX N Overhill Ave**,5.85,6.53,6.74,5.94,6.78,6.52,11.2,25.8,25.6,19.0,2016,9,6.78,25.8
2016-09-03,59XX S Ada St,9.26,10.6,11.1,13.6,14.1,16.5,17.8,15.7,14.8,16.0,2016,9,14.1,17.8
2016-09-08,95XX S Emerald Ave,5.78,7.47,7.8,8.93,8.75,8.42,8.38,7.66,7.32,6.95,2016,9,8.75,8.93
2016-09-09,34XX N Avers Ave,3.98,2.36,2.88,6.44,5.63,5.02,4.15,3.92,3.06,2.76,2016,9,5.63,6.44
2016-09-15,23XX W 110th St,7.95,8.13,8.32,8.82,8.91,9.24,19.6,27.9,28.3,26.0,2016,9,8.91,28.3
2016-09-15,31XX N Osceola Ave,2.89,2.19,3.75,3.34,3.21,3.38,2.97,3.83,5.1,11.1,2016,9,3.21,11.1
2016-09-16,100XX S Washtenaw Ave,2.72,2.73,2.98,3.06,6.33,10.2,10.4,10.4,11.1,11.9,2016,9,6.33,11.9
2016-09-28,103XX S Hamilton Ave,1.24,3.35,3.23,6.19,6.78,6.57,8.94,9.38,8.98,8.49,2016,9,6.78,9.38
2016-09-28,74XX S Claremont Ave,0.0,0.0,2.85,5.71,9.02,10.6,10.8,10.5,9.74,9.9,2016,9,9.02,10.8
2016-09-29,93XX S Oakley Ave,2.07,2.11,3.17,4.95,5.05,5.52,6.22,13.2,9.33,25.1,2016,9,5.05,25.1
2016-09-29,96XX S Prairie Ave,6.59,7.72,10.8,13.8,15.4,14.3,21.5,25.1,26.9,33.7,2016,9,15.4,33.7
2016-10-05,107XX S Spaulding Ave,7.91,7.79,7.05,9.33,9.54,12.1,12.4,12.3,10.8,9.95,2016,10,9.54,12.4
2016-10-05,110XX S Central Park Ave,4.45,2.79,2.99,3.31,6.38,7.29,8.03,8.08,5.82,4.4,2016,10,6.38,8.08
2016-10-06,17XX N Rutherford Ave***,10.7,9.93,11.3,14.0,16.0,17.4,19.5,21.6,32.1,50.0,2016,10,16.0,50.0
2016-10-06,29XX W Catalpa Ave**,2.04,3.01,3.27,3.28,4.08,5.11,3.48,5.32,9.07,9.91,2016,10,4.08,9.91
2016-10-07,92XX S Hamilton Ave,7.8,11.8,12.5,12.1,11.3,16.6,34.1,37.5,34.6,34.6,2016,10,11.3,37.5
2016-10-07,95XX S Claremont Ave,2.93,2.17,1.86,2.58,2.67,2.4,3.03,3.32,4.81,9.15,2016,10,2.93,9.15
2016-10-08,103XX S Prospect Ave,4.6,4.65,5.92,6.72,10.3,16.5,12.0,12.8,13.3,12.8,2016,10,10.3,16.5
2016-10-13,16XX N Cleveland Ave,31.1,11.9,9.93,8.82,9.16,8.41,8.15,8.02,7.83,7.82,2016,10,31.1,31.1
2016-10-13,18XX N Dayton St*****,7.86,6.74,9.33,9.73,10.3,10.8,15.5,22.7,22.0,22.6,2016,10,10.3,22.7
2016-10-14,89XX S Oakley Ave,3.5,3.48,3.28,4.62,10.7,10.7,9.61,9.68,9.96,9.64,2016,10,10.7,10.7
2016-10-15,29XX N Troy St,5.43,4.9,5.44,8.91,21.4,20.6,20.3,19.7,17.9,16.8,2016,10,21.4,21.4
2016-10-15,5XX S Clinton St,0.0,0.0,0.0,0.0,0.0,0.0,0.0,0.0,0.0,0.0,2016,10,0.0,0.0
2016-10-20,22XX W Estes Ave,6.94,8.34,8.42,8.66,12.9,25.1,21.0,21.8,27.3,17.1,2016,10,12.9,27.3
2016-10-20,37XX N Whipple St,6.31,7.7,8.06,8.41,14.2,24.4,24.9,24.0,24.8,32.3,2016,10,14.2,32.3
2016-10-21,81XX S Harvard Ave,7.28,6.02,4.68,5.43,4.29,4.67,9.45,8.87,,,2016,10,7.28,9.45
2016-10-21,98XX S Manistee Ave,4.29,6.4,7.9,6.5,9.64,6.68,7.16,12.2,13.7,13.1,2016,10,9.64,13.7
2016-10-22,44XX W Leland Ave,7.56,7.38,8.35,8.71,9.41,9.27,8.98,10.5,12.5,14.3,2016,10,9.41,14.3
2016-10-28,14XX W Melrose St,0.0,0.0,0.0,0.0,0.0,0.0,0.0,0.0,0.0,0.0,2016,10,0.0,0.0
2016-10-28,22XX W Shakespeare Ave,15.5,18.1,10.8,10.7,6.38,11.6,5.92,5.72,5.5,5.47,2016,10,15.5,18.1
2016-10-28,22XX N Lakewood Ave**,7.45,9.04,9.91,27.7,36.3,36.5,35.0,26.9,20.7,18.3,2016,10,36.3,36.5
2016-10-28,66XX N Onarga Ave,1.87,1.33,1.55,2.23,2.01,1.5,1.24,1.49,1.85,2.4,2016,10,2.01,2.4
2016-10-29,117XX S Justine St**,8.65,7.88,8.7,10.5,16.0,15.2,14.7,14.5,13.2,13.0,2016,10,16.0,16.0
2016-10-29,69XX N Central Ave,7.02,10.6,10.5,15.6,21.8,20.3,16.7,13.7,11.0,7.47,2016,10,21.8,21.8
2016-11-02,28XX N Ridgeway Ave**,7.18,13.2,15.2,14.9,15.0,15.9,16.8,15.9,14.0,10.1,2016,11,15.0,16.8
2016-11-02,8XX W Lill Ave****,5.89,6.54,6.62,7.18,8.38,9.64,10.9,10.4,12.2,13.8,2016,11,8.38,13.8
2016-11-04,117XX S Bell Ave,5.92,6.07,6.54,6.5,6.64,6.4,6.07,5.89,,,2016,11,6.64,6.64
2016-11-04,17XX N Rutherford Ave****,7.96,8.49,9.65,11.7,15.2,18.8,23.6,34.4,38.6,38.6,2016,11,15.2,38.6
2016-11-04,7XX W 74th St,9.33,1.18,0.0,0.0,0.0,0.0,0.0,0.0,0.0,0.0,2016,11,9.33,9.33
2016-11-05,111XX S Drake Ave,2.84,4.12,6.4,8.39,12.5,12.8,13.6,15.0,13.2,8.15,2016,11,12.5,15.0
2016-11-05,31XX W 103rd St,5.42,7.0,7.52,7.67,8.3,20.2,21.4,19.6,17.6,18.8,2016,11,8.3,21.4
2016-11-07,122XX S Carpenter St**,14.0,16.8,15.6,16.4,16.9,15.1,14.7,13.1,13.6,12.9,2016,11,16.9,16.9
2016-11-09,61XX S Kolmar Ave,11.0,12.0,11.5,11.3,12.9,13.9,20.7,23.7,24.9,21.8,2016,11,12.9,24.9
2016-11-09,80XX S Justine St,4.46,8.32,5.16,3.83,6.17,5.76,6.33,8.29,8.12,5.79,2016,11,6.17,8.32
2016-11-12,79XX S Kenwood Ave**,1.25,2.23,1.89,2.53,2.37,2.6,3.59,3.5,3.67,3.88,2016,11,2.37,3.88
2016-11-12,88XX S Eggleston Ave,6.0,32.7,15.5,14.1,6.8,5.92,5.19,4.98,4.76,6.17,2016,11,6.8,32.7
2016-11-12,90XX S Essex Ave,4.72,6.01,3.25,4.27,11.4,18.3,19.0,17.9,18.4,20.0,2016,11,11.4,20.0
2016-11-19,57XX N Oketo Ave**,11.9,16.5,12.6,10.0,10.4,12.9,19.3,20.4,21.6,19.9,2016,11,11.9,21.6
2016-11-19,61XX W Dakin St**,7.51,6.76,9.94,11.3,11.3,11.4,10.6,11.5,23.4,31.1,2016,11,11.3,31.1
2016-11-19,61XX W Dakin St,7.51,6.76,9.94,11.4,11.3,11.4,10.6,11.5,23.4,31.1,2016,11,11.3,31.1
2016-11-26,37XX N Olcott Ave,8.58,3.73,9.87,7.31,5.03,9.98,6.04,6.09,6.71,10.8,2016,11,8.58,10.8
2016-11-26,94XX S Winchester Ave**,5.46,5.52,6.79,6.88,7.77,12.2,8.2,8.27,8.76,8.45,2016,11,7.77,12.2
2016-11-30,44XX N Monticello Ave,4.62,5.74,6.47,6.58,6.27,11.3,22.8,25.0,20.6,16.1,2016,11,6.27,25.0
2016-12-02,111XX S Hoyne Ave,6.08,6.18,6.28,11.0,6.9,6.36,8.04,7.44,7.68,12.4,2016,12,6.9,12.4
2016-12-03,21XX W 110th Pl**,5.31,5.22,13.9,29.0,30.7,28.3,25.6,25.0,24.8,23.6,2016,12,30.7,30.7
2016-12-10,101XX S Seeley Ave,8.26,8.29,7.79,8.1,6.84,6.83,6.57,6.57,8.59,9.83,2016,12,8.26,9.83
2016-12-10,93XX S Dr Martin Luther King Jr Dr,25.7,0.0,0.0,0.0,0.0,0.0,0.0,0.0,0.0,0.0,2016,12,25.7,25.7
2016-12-13,19XX W 115th St,3.88,4.54,4.9,5.69,5.78,5.81,5.78,5.7,5.28,4.66,2016,12,5.78,5.81
2016-12-13,93XX S Phillips Ave,232.0,24.0,37.3,14.1,55.3,43.7,32.5,30.0,28.8,23.1,2016,12,232.0,232.0
2016-12-15,71XX W Talcott Ave,5.32,6.49,6.48,6.7,6.84,6.92,7.2,7.29,,,2016,12,6.84,7.29
2016-12-16,20XX N Bissell St,15.3,18.5,21.0,21.0,21.6,20.7,17.6,18.9,16.8,14.9,2016,12,21.6,21.6
2016-12-17,53XX S Kimbark Ave**,8.78,13.4,14.6,16.4,17.0,17.1,16.3,13.9,12.4,11.3,2016,12,17.0,17.1
2016-12-20,102XX S Artesian Ave,4.62,4.92,6.12,6.08,5.76,5.28,4.81,4.85,4.86,4.62,2016,12,5.76,6.12
2016-12-20,34XX S Union Ave**,6.62,7.45,7.42,6.86,6.27,6.23,6.03,7.08,12.0,14.9,2016,12,6.62,14.9
2016-12-22,49XX S Washington Park Ct,2.58,3.53,3.45,3.3,3.46,3.04,3.28,3.22,2.08,1.42,2016,12,3.46,3.53
2016-12-23,106XX S Leavitt St**,2.71,3.91,3.9,4.3,4.85,5.0,5.51,6.88,7.74,7.5,2016,12,4.85,7.74
2016-12-27,56XX N Rockwell St,1.51,1.69,0.0,0.0,2.5,2.19,3.07,10.1,19.0,19.3,2016,12,2.5,19.3
2016-12-30,18XX N Dayton St,5.93,8.04,10.6,10.2,19.5,23.8,24.9,25.8,27.3,28.0,2016,12,19.5,28.0
2017-01-06,47XX S Greenwood Ave**,8.5,8.03,7.71,6.93,6.49,6.39,6.58,6.72,6.82,6.98,2017,1,8.5,8.5
2017-01-06,91XX S Bell Ave,15.6,16.1,8.91,9.72,7.54,8.87,11.8,17.1,18.3,18.5,2017,1,15.6,18.5
2017-01-07,21XX W 110th Pl**,2.28,2.58,4.33,4.13,3.89,3.59,3.65,3.98,4.41,4.57,2017,1,3.89,4.57
2017-01-09,121XX S Stewart Ave,3.43,4.28,3.49,3.32,2.6,2.2,,,,,2017,1,3.43,4.28
2017-01-10,18XX N Dayton St*****,10.8,8.3,6.89,7.06,6.78,6.55,6.75,7.29,8.67,13.3,2017,1,10.8,13.3
2017-01-10,18XX N Dayton St***,8.51,8.49,8.67,9.08,11.5,9.95,14.6,18.5,21.8,23.0,2017,1,11.5,23.0
2017-01-10,18XX N Dayton St***,6.47,6.74,7.03,7.23,7.72,8.32,8.59,8.93,12.6,17.4,2017,1,7.72,17.4
2017-01-11,5XX E 91st St,9.98,7.95,6.96,6.73,7.61,10.2,12.1,11.4,11.2,12.0,2017,1,9.98,12.1
2017-01-12,61XX S Rhodes Ave,3.87,1.67,1.52,0.0,0.0,0.0,0.0,0.0,0.0,0.0,2017,1,3.87,3.87
2017-01-12,67XX S Kedvale Ave,4.03,3.3,3.35,2.95,2.84,3.93,5.06,5.03,4.54,4.23,2017,1,4.03,5.06
2017-01-13,104XX S Trumbull Ave,7.16,13.3,12.0,10.4,10.3,10.4,9.3,8.34,8.63,8.2,2017,1,10.3,13.3
2017-01-14,19XX N Dayton St,3.12,3.02,2.7,2.47,2.21,2.54,11.6,15.3,14.1,2.31,2017,1,3.12,15.3
2017-01-14,35XX W Pierce Ave,3.46,3.26,3.25,3.92,3.95,3.34,3.17,2.97,2.18,2.0,2017,1,3.95,3.95
2017-01-17,18XX N Leavitt St****,16.3,18.6,35.2,35.2,34.4,35.1,31.8,28.0,23.8,20.4,2017,1,34.4,35.2
2017-01-17,52XX W Nelson St,2.69,2.77,3.35,4.01,4.16,3.76,3.62,3.45,3.74,7.42,2017,1,4.16,7.42
2017-01-19,25XX W 45th Pl,6.37,8.93,13.4,18.5,19.7,18.4,16.5,12.3,9.91,8.4,2017,1,19.7,19.7
2017-01-20,43XX N Harding Ave,5.3,8.44,9.1,7.88,11.7,15.8,31.5,37.2,21.3,21.7,2017,1,11.7,37.2
2017-01-21,117XX S Justine St**,16.5,8.88,9.77,8.62,8.91,11.2,11.4,9.81,7.8,7.08,2017,1,16.5,16.5
2017-01-24,96XX S Crandon Ave,29.5,4.3,1.57,1.64,1.97,1.9,2.8,4.05,3.77,3.7,2017,1,29.5,29.5
2017-01-26,34XX N Kildare Ave,15.6,45.6,40.0,43.8,42.5,37.8,33.3,26.6,25.3,22.2,2017,1,42.5,45.6
2017-01-27,21XX W Pensacola Ave,3.2,3.06,3.69,4.56,5.22,12.7,16.7,19.6,18.9,14.9,2017,1,5.22,19.6
2017-01-28,22XX W Berwyn Ave,4.28,8.52,8.78,8.56,7.89,7.71,7.07,6.67,5.5,4.55,2017,1,7.89,8.78
2017-01-28,63XX N Odell Ave**,9.33,4.86,5.22,4.62,7.18,7.81,7.84,8.39,9.63,10.5,2017,1,9.33,10.5
2017-02-02,52XX W Cuyler Ave,0.0,0.0,1.1,1.08,0.0,0.0,0.0,0.0,0.0,0.0,2017,2,0.0,1.1
2017-02-02,53XX N Meade Ave,1.08,1.16,1.6,3.24,3.3,3.17,3.26,3.62,4.15,4.84,2017,2,3.3,4.84
2017-02-07,52XX W Argyle St,4.92,12.5,4.33,6.02,5.73,5.15,4.3,4.04,5.0,5.51,2017,2,5.73,12.5
2017-02-08,14XX E 54th St,11.0,24.0,54.2,46.4,36.0,29.9,23.8,21.7,23.9,24.4,2017,2,36.0,54.2
2017-02-14,128XX S Wallace St,6.41,10.3,11.8,14.9,17.7,16.7,15.2,13.0,11.3,9.99,2017,2,17.7,17.7
2017-02-17,14XX W Rosemont Ave,3.08,3.66,3.83,2.22,3.46,5.12,6.31,5.71,6.22,10.4,2017,2,3.46,10.4
2017-02-22,30XX W Eastwood Ave,2.55,3.4,3.04,2.82,,,,,,,2017,2,2.55,3.4
2017-02-24,29XX W Catalpa Ave**,1.47,2.48,3.72,3.92,3.79,3.82,4.2,9.89,13.8,14.7,2017,2,3.79,14.7
2017-02-25,107XX S Avenue O ,10.7,8.75,7.21,10.3,15.0,19.7,16.6,15.0,14.9,16.0,2017,2,15.0,19.7
2017-02-25,11XX E 48th St**,38.1,55.5,25.2,30.0,27.8,29.5,33.4,30.5,25.7,25.3,2017,2,38.1,55.5
2017-02-28,20XX W Lunt Ave,0.0,0.0,0.0,0.0,0.0,0.0,0.0,0.0,0.0,0.0,2017,2,0.0,0.0
2017-02-28,20XX W Evergreen Ave,11.0,13.4,14.0,15.2,15.8,16.0,15.4,17.0,20.5,18.7,2017,2,15.8,20.5
2017-03-01,45XX N Malden St,0.0,0.0,0.0,0.0,0.0,0.0,0.0,0.0,0.0,0.0,2017,3,0.0,0.0
2017-03-04,63XX N Kirkwood Ave**,8.69,8.69,8.54,9.17,12.2,13.2,13.6,13.5,19.8,28.9,2017,3,12.2,28.9
2017-03-04,67XX N Loleta Ave,7.88,8.87,9.69,10.6,11.2,12.4,12.9,15.0,19.0,20.2,2017,3,11.2,20.2
2017-03-07,8XX W Lill Ave****,8.16,7.72,7.8,8.23,8.7,8.74,8.62,9.12,9.95,9.61,2017,3,8.7,9.95
2017-03-09,53XX S Kimbark Ave**,8.84,14.6,17.1,20.8,21.4,20.2,19.1,16.6,11.2,9.04,2017,3,21.4,21.4
2017-03-09,61XX S Ellis Ave**,2.39,2.51,2.3,2.59,6.38,2.49,2.36,2.16,1.0,1.93,2017,3,6.38,6.38
2017-03-11,34XX N Opal Ave,7.11,9.32,12.9,23.9,30.0,19.5,17.8,12.0,14.7,13.8,2017,3,30.0,30.0
2017-03-17,66XX N Bosworth Ave,11.7,7.98,8.19,10.1,9.32,13.9,17.8,17.5,16.6,16.2,2017,3,11.7,17.8
2017-03-24,16XX W 100th Pl,7.5,6.89,7.31,10.2,12.2,14.4,15.9,13.9,13.0,11.6,2017,3,12.2,15.9
2017-03-24,21XX W 110th St,4.18,5.5,9.07,11.5,11.1,10.7,10.3,10.3,9.06,7.22,2017,3,11.1,11.5
2017-03-25,18XX N Dayton St,7.18,8.45,15.1,17.3,18.2,17.7,16.9,17.7,17.9,16.4,2017,3,18.2,18.2
2017-03-25,21XX N Hudson Ave,7.95,6.55,16.5,5.51,5.24,5.04,5.06,4.96,4.96,5.02,2017,3,7.95,16.5
2017-03-29,78XX S Eggleston Ave,14.1,17.1,15.1,14.0,12.4,10.7,10.3,8.95,7.23,6.49,2017,3,14.1,17.1
2017-03-30,13XX E 87th St,7.82,9.18,11.5,12.7,11.3,12.0,15.6,25.6,31.1,28.0,2017,3,11.3,31.1
2017-03-30,54XX S Ingleside Ave,11.9,13.1,16.8,17.0,14.8,11.7,11.0,12.7,11.5,6.67,2017,3,14.8,17.0
2017-04-05,55XX N Linder Ave,8.72,14.7,10.3,16.8,35.7,25.3,15.6,18.8,23.3,14.7,2017,4,35.7,35.7
2017-04-08,20XX W 21st St,5.36,6.69,6.59,6.57,7.36,17.1,17.0,15.9,14.0,13.6,2017,4,7.36,17.1
2017-04-08,54XX S Harper Ave**,26.8,20.4,19.0,17.2,15.6,13.6,11.0,9.74,9.17,8.27,2017,4,26.8,26.8
2017-04-13,79XX S Kenwood Ave**,2.36,4.16,4.27,2.3,2.22,4.99,6.49,6.31,8.34,8.77,2017,4,2.36,8.77
2017-04-17,88XX S Paxton Ave,3.04,3.16,3.57,3.94,3.58,4.07,8.64,14.9,14.0,12.2,2017,4,3.58,14.9
2017-04-20,27XX N Wilton Ave**,15.7,24.7,29.5,36.3,38.0,41.0,39.7,39.8,32.3,26.4,2017,4,38.0,41.0
2017-04-20,65XX N Hiawatha Ave,4.35,5.8,5.29,5.52,4.92,5.17,4.36,4.19,3.97,3.75,2017,4,4.92,5.8
2017-04-22,19XX N Dayton St,4.06,3.85,6.88,11.9,11.1,11.3,11.6,12.2,12.3,12.0,2017,4,11.1,12.3
2017-04-24,18XX N Dayton St*****,5.58,4.69,4.58,4.62,4.71,4.4,5.77,5.73,6.3,10.9,2017,4,5.58,10.9
2017-04-25,47XX S Kimbark Ave***,21.8,31.2,44.8,40.3,41.4,40.1,39.5,39.4,39.6,39.1,2017,4,41.4,44.8
2017-04-28,28XX N Ridgeway Ave**,0.0,2.36,1.97,0.0,0.0,0.0,0.0,0.0,0.0,0.0,2017,4,0.0,2.36
2017-05-02,18XX N Leavitt St****,14.2,17.0,23.4,20.8,20.8,19.6,18.8,19.5,17.4,15.0,2017,5,20.8,23.4
2017-05-04,20XX N Bissell St,7.64,6.64,13.4,25.3,26.9,26.7,26.0,24.2,24.7,21.1,2017,5,26.9,26.9
2017-05-06,54XX N Linder Ave**,16.5,8.28,11.0,11.8,12.7,14.0,54.3,19.6,26.7,34.2,2017,5,16.5,54.3
2017-05-06,63XX N Kirkwood Ave**,6.84,8.38,8.1,8.01,11.0,12.6,12.1,10.2,15.4,24.2,2017,5,11.0,24.2
2017-05-09,35XX S Dr Martin Luther King Jr Dr**,15.3,26.0,40.2,38.8,48.2,45.5,38.5,33.9,42.1,24.7,2017,5,48.2,48.2
2017-05-12,25XX W 80th Pl***,2.89,4.26,5.9,,,,,,,,2017,5,2.89,5.9
2017-05-18,3XX W Wellington Ave,30.2,2.11,0.0,0.0,0.0,6.84,2.44,0.0,0.0,0.0,2017,5,30.2,30.2
2017-05-19,5XX W 128th St,0.0,0.0,0.0,0.0,0.0,1.44,1.61,1.62,1.79,1.84,2017,5,0.0,1.84
2017-05-20,27XX N Wayne Ave,7.23,7.19,8.08,10.8,10.9,11.8,25.2,31.5,31.9,28.8,2017,5,10.9,31.9
2017-05-20,34XX N Pacific Ave*******,11.8,16.5,19.2,35.9,30.7,22.6,26.7,28.4,28.0,25.4,2017,5,30.7,35.9
2017-05-31,34XX N Hamilton Ave,0.0,13.6,1.3,3.4,2.66,2.75,2.26,0.0,0.0,0.0,2017,5,2.66,13.6
2017-06-05,84XX S Rockwell St,2.81,3.24,3.52,3.53,4.2,10.0,18.4,22.2,20.6,17.5,2017,6,4.2,22.2
2017-06-07,17XX N Melvina Ave,3.61,4.53,4.61,4.88,5.01,5.23,5.16,4.92,4.71,4.56,2017,6,5.01,5.23
2017-06-29,26XX N Seminary Ave,0.0,0.0,0.0,0.0,0.0,0.0,0.0,0.0,0.0,0.0,2017,6,0.0,0.0
2017-06-30,8XX N Campbell Ave,3.8,4.42,4.75,6.82,8.59,9.7,13.8,15.1,18.0,15.5,2017,6,8.59,18.0
2017-07-03,96XX S Winchester Ave,18.4,17.0,18.2,38.4,43.9,44.5,43.6,43.3,42.1,38.7,2017,7,43.9,44.5
2017-07-08,63XX N Nokomis Ave,4.19,3.2,3.58,3.43,3.56,3.58,0.0,3.6,3.36,3.14,2017,7,4.19,4.19
2017-07-10,8XX W Lill Ave,2.04,1.96,3.05,4.98,6.12,6.6,7.55,7.41,7.96,7.88,2017,7,6.12,7.96
2017-07-14,22XX N Campbell Ave,9.31,8.68,9.21,9.71,11.6,13.7,22.1,37.7,36.6,38.0,2017,7,11.6,38.0
2017-07-15,66XX N Ashland Ave**,2.99,3.74,3.74,4.16,4.31,4.48,4.81,5.09,5.31,4.45,2017,7,4.31,5.31
2017-07-18,25XX W 80th Pl***,8.46,12.9,14.0,13.2,9.5,14.8,17.8,16.0,16.2,16.1,2017,7,9.5,17.8
2017-07-24,18XX N Dayton St*****,5.42,4.14,4.2,4.33,4.27,4.62,5.26,5.72,8.33,15.1,2017,7,5.42,15.1
2017-07-28,10XX W Dickens Ave,11.8,12.1,10.4,14.2,17.4,14.6,10.7,16.5,21.3,16.0,2017,7,17.4,21.3
2017-07-29,11XX E 48th St**,17.2,47.1,38.4,37.7,36.5,33.9,30.3,26.6,26.1,25.6,2017,7,36.5,47.1
2017-08-03,35XX S Dr Martin Luther King Jr Dr**,17.2,34.4,38.7,35.9,40.5,40.6,34.8,35.7,32.5,29.5,2017,8,40.5,40.6
2017-08-04,47XX S Kimbark Ave***,25.5,32.3,47.3,50.9,50.3,46.2,43.6,43.8,45.6,42.6,2017,8,50.3,50.9
2017-08-15,18XX N Leavitt St****,15.3,17.1,26.4,34.6,34.0,36.3,34.5,34.4,33.2,33.7,2017,8,34.0,36.3
2017-08-16,54XX W Van Buren St,3.93,6.81,5.42,2.86,1.86,1.74,1.43,1.56,1.99,2.16,2017,8,3.93,6.81
2017-08-19,42XX N Avers Ave,6.03,11.3,9.7,11.4,11.8,13.3,14.2,8.24,6.24,5.67,2017,8,11.8,14.2
2017-08-19,5XX N St Louis Ave**,16.8,8.14,26.6,44.9,37.0,30.0,26.8,25.2,23.9,23.0,2017,8,37.0,44.9
2017-08-24,34XX N Pacific Ave*******,14.6,17.4,17.5,24.3,22.1,26.4,29.9,28.5,28.7,28.2,2017,8,22.1,29.9
2017-08-29,24XX N Bernard St,25.6,26.1,20.6,15.3,14.2,13.5,12.8,6.65,11.7,11.3,2017,8,25.6,26.1
2017-09-01,10XX W 18th St,0.0,0.0,1.11,1.22,0.0,0.0,1.06,1.04,1.05,1.09,2017,9,0.0,1.22
2017-09-02,52XX N Leamington Ave,3.58,9.02,11.7,13.0,13.5,13.7,,,,,2017,9,13.5,13.7
2017-09-09,5XX E 46th St,10.0,10.1,10.0,10.4,12.4,26.1,37.8,36.4,38.0,37.9,2017,9,12.4,38.0
2017-09-12,107XX S Champlain Ave,6.46,7.3,8.9,9.57,12.7,21.0,18.9,27.1,19.7,11.9,2017,9,12.7,27.1
2017-09-14,57XX N Oketo Ave**,8.16,12.4,12.7,11.0,10.6,11.6,19.7,24.4,22.7,21.0,2017,9,10.6,24.4
2017-09-15,8XX W Lill Ave****,6.48,6.73,8.72,12.1,13.5,14.0,15.5,16.7,16.4,16.9,2017,9,13.5,16.9
2017-09-18,30XX W Warren Blvd,7.53,13.3,13.3,12.5,11.6,10.5,10.1,9.0,9.69,13.7,2017,9,11.6,13.7
2017-09-29,20XX W Berwyn Ave,2.35,2.74,3.09,3.23,3.6,3.55,4.02,4.2,4.2,4.48,2017,9,3.6,4.48
2017-10-05,18XX N Leavitt St****,9.76,10.8,21.0,37.9,38.3,37.7,36.0,38.0,38.8,37.8,2017,10,38.3,38.8
2017-10-07,44XX N Damen Ave,7.04,18.3,29.7,24.9,22.7,21.2,20.1,21.1,20.5,19.9,2017,10,22.7,29.7
2017-10-14,54XX N Linder Ave**,11.2,10.3,14.0,13.0,13.2,17.3,20.6,25.4,33.1,35.8,2017,10,13.2,35.8
2017-10-14,66XX N Ashland Ave**,3.33,4.39,4.21,4.69,4.77,4.97,5.03,5.12,5.78,6.62,2017,10,4.77,6.62
2017-11-01,97XX S Yates Ave,12.0,15.6,14.9,26.0,32.7,33.2,32.2,32.4,30.9,31.4,2017,11,32.7,33.2
2017-11-11,59XX N Kostner Ave**,14.4,19.0,32.1,33.6,39.1,51.3,59.1,60.1,57.2,58.8,2017,11,39.1,60.1
2017-11-13,34XX W 66th Pl,4.83,6.05,12.6,15.7,17.6,19.2,20.7,21.3,20.8,18.2,2017,11,17.6,21.3
2017-11-18,32XX S Calumet Ave,9.54,14.1,17.4,18.1,19.0,18.8,19.7,19.6,19.7,,2017,11,19.0,19.7
2017-12-12,12XX W Norwood St,26.6,57.26,64.7,59.8,57.4,52.1,49.6,44.1,40.0,29.5,2017,12,57.4,64.7
2017-12-13,105XX S Christiana Ave**,3.06,5.82,7.08,7.13,7.28,6.7,8.22,10.6,15.0,17.2,2017,12,7.28,17.2
2017-12-16,52XX S Moody Ave,6.43,7.01,9.71,11.8,15.5,21.4,22.0,20.7,18.8,17.7,2017,12,15.5,22.0
2017-12-18,57XX N Kostner Ave,3.36,4.17,6.33,7.43,0.0,5.2,5.04,5.82,12.4,18.3,2017,12,3.36,18.3
2017-12-19,57XX N Virginia Ave,3.12,3.42,3.82,3.83,7.67,10.3,13.5,15.6,14.5,13.8,2017,12,7.67,15.6
2017-12-20,36XX W 86th St,7.1,6.4,6.45,6.9,13.2,14.3,13.2,12.5,11.9,12.0,2017,12,13.2,14.3
2018-01-04,45XX N Springfield Ave,6.82,6.64,4.39,4.36,4.86,6.07,7.22,7.45,8.26,8.56,2018,1,6.82,8.56
2018-01-06,61XX N Karlov Ave,3.39,4.79,5.79,5.42,6.6,3.01,2.78,1.16,2.76,2.45,2018,1,6.6,6.6
2018-01-13,49XX W Roscoe St,18.6,28.4,27.4,34.0,33.5,32.7,21.6,34.6,23.5,28.0,2018,1,33.5,34.6
2018-01-16,17XX N Rutherford Ave****,5.17,7.93,8.6,9.27,6.62,7.34,7.77,7.35,7.56,6.82,2018,1,6.62,9.27
2018-01-20,77XX W Farragut Ave,29.0,33.6,53.6,66.5,52.7,41.1,40.9,33.9,32.4,30.8,2018,1,52.7,66.5
2018-01-30,122XX S Carpenter St**,5.6,5.16,5.69,5.05,5.17,5.05,5.1,4.12,3.6,3.34,2018,1,5.6,5.69
2018-02-02,17XX N Rutherford Ave***,22.6,20.8,25.6,26.1,25.1,23.4,22.0,23.1,23.9,23.8,2018,2,25.1,26.1
2018-02-26,17XX N Rutherford Ave****,4.23,5.31,5.64,6.67,9.1,10.2,10.8,10.4,9.44,8.88,2018,2,9.1,10.8
2018-03-24,65XX N Fairfield Ave,2.84,2.91,2.68,2.97,2.94,3.11,3.52,6.45,11.4,15.1,2018,3,2.94,15.1
2018-04-04,25XX W 80th Pl***,3.45,7.18,7.84,7.22,6.93,7.31,10.0,9.46,9.08,8.83,2018,4,6.93,10.0
2018-04-05,17XX W 18th Pl,1.7,2.14,2.5,2.52,2.14,2.06,1.94,1.68,1.68,1.64,2018,4,2.14,2.52
2018-04-07,44XX N Menard Ave,3.73,5.1,5.41,4.63,5.14,5.35,6.08,7.04,10.3,14.4,2018,4,5.14,14.4
2018-04-10,5XX N St Louis Ave**,4.48,8.81,11.5,18.0,18.4,15.0,16.0,15.1,14.1,11.4,2018,4,18.4,18.4
2018-04-17,95XX S University Ave**,44.0,40.1,34.4,38.7,31.4,30.8,27.9,24.6,22.0,26.8,2018,4,44.0,44.0
2018-04-25,105XX S Christiana Ave**,2.16,6.16,6.46,7.69,8.33,8.71,8.88,10.1,10.1,9.85,2018,4,8.33,10.1
2018-04-28,59XX N Kostner Ave**,0.0,24.0,38.5,36.7,35.6,34.8,33.3,29.9,27.6,19.7,2018,4,35.6,38.5
2018-05-07,47XX S Kimbark Ave*,8.55,6.48,4.72,4.61,4.68,4.89,4.89,4.92,5.05,4.86,2018,5,8.55,8.55
2018-05-10,22XX N Lakewood Ave**,5.91,7.17,10.4,22.3,29.0,28.8,26.6,19.4,13.5,11.7,2018,5,29.0,29.0
2018-05-15,81XX S Anthony Ave,8.94,10.6,23.4,37.5,42.6,40.5,34.4,28.3,22.2,18.3,2018,5,42.6,42.6
2018-05-22,71XX W 64th Pl,2.96,3.1,3.0,4.02,4.19,4.94,6.16,8.33,8.17,7.66,2018,5,4.19,8.33
2018-05-24,14XX W George St,6.0,7.26,7.91,8.17,8.39,8.56,8.73,8.92,9.33,9.46,2018,5,8.39,9.46
2018-05-25,68XX N Waukesha Ave,5.15,5.58,5.72,5.97,5.98,6.31,7.41,8.74,12.8,16.8,2018,5,5.98,16.8
2018-05-29,8XX W Lill Ave,2.76,1.27,0.0,0.0,0.0,0.0,0.0,0.0,0.0,0.0,2018,5,2.76,2.76
2018-05-31,30XX W Belden Ave,26.5,14.7,7.33,6.8,5.91,5.77,5.21,5.12,4.82,4.51,2018,5,26.5,26.5
2018-06-04,18XX N Dayton St*****,5.36,5.32,5.14,4.74,4.49,4.31,4.65,4.92,6.2,11.3,2018,6,5.36,11.3
2018-06-04,79XX S Campbell Ave,1.62,1.65,1.77,1.89,1.86,1.92,1.96,1.68,1.22,1.44,2018,6,1.86,1.96
2018-06-05,62XX W Newport Ave,4.62,4.97,5.0,4.96,5.11,8.61,15.6,13.4,11.7,16.7,2018,6,5.11,16.7
2018-06-11,36XX W 79th Pl,24.1,10.8,13.3,11.0,13.6,17.0,18.0,18.6,17.5,16.8,2018,6,24.1,24.1
2018-06-13,45XX N Virginia Ave,4.28,4.54,4.94,5.78,6.26,6.52,6.92,6.97,7.73,7.11,2018,6,6.26,7.73
2018-07-05,63XX N Odell Ave**,4.01,4.7,4.46,5.76,9.36,9.34,8.88,9.57,11.8,11.2,2018,7,9.36,11.8
2018-07-19,61XX N Avers Ave,3.63,2.71,3.0,3.68,2.81,1.92,3.24,4.85,5.17,5.68,2018,7,3.63,5.68
2018-07-20,112XX S Spaulding Ave,4.61,5.13,5.65,6.89,8.71,8.53,7.37,7.24,15.4,21.7,2018,7,8.71,21.7
2018-07-20,35XX N Kolmar Ave,8.14,9.82,10.4,10.9,10.8,17.6,20.6,22.1,21.3,20.4,2018,7,10.8,22.1
2018-07-25,14XX W Flournoy St,7.01,5.22,2.81,2.73,2.48,2.2,2.3,2.16,2.12,2.15,2018,7,7.01,7.01
2018-07-26,58XX N Mobile Ave,5.55,7.73,6.5,6.08,6.8,7.42,12.4,15.9,17.5,17.8,2018,7,6.8,17.8
2018-07-27,14XX W Winnemac Ave,1.7,4.38,6.42,5.35,5.34,4.93,4.73,4.03,5.48,1.52,2018,7,5.34,6.42
2018-07-28,25XX N Linden Pl**,23.4,24.3,43.3,46.7,35.4,29.7,27.9,38.5,47.3,48.4,2018,7,35.4,48.4
2018-07-28,45XX N Merrimac Ave,227.0,61.2,42.6,45.9,36.6,28.5,25.3,22.0,20.4,18.5,2018,7,227.0,227.0
2018-07-30,44XX N Sawyer Ave,13.7,10.0,6.46,4.92,5.07,4.7,4.2,4.25,3.98,10.6,2018,7,13.7,13.7
2018-07-30,64XX N Nordica Ave,4.09,4.32,4.48,4.48,5.4,9.05,14.8,17.2,18.1,17.8,2018,7,5.4,18.1
2018-07-31,48XX S Langley Ave,3.52,3.93,6.63,9.94,11.2,11.9,12.4,11.8,11.4,11.3,2018,7,11.2,12.4
2018-07-31,8XX W Lill Ave,6.81,7.69,6.89,10.2,12.6,11.7,9.9,8.77,8.26,5.86,2018,7,12.6,12.6
2018-08-01,66XX N Bosworth Ave,7.55,7.01,7.6,9.6,10.0,9.34,15.8,24.1,20.2,21.1,2018,8,10.0,24.1
2018-08-02,17XX N Dayton St,6.76,7.42,7.6,7.21,6.87,6.92,6.95,7.71,7.5,8.36,2018,8,6.87,8.36
2018-08-02,35XX W Evergreen Ave,5.68,5.59,6.2,5.39,6.02,9.8,15.3,15.8,17.1,20.5,2018,8,6.02,20.5
2018-08-02,46XX N Laramie Ave,9.41,0.94,16.0,14.8,17.7,18.2,16.4,16.0,15.0,16.4,2018,8,17.7,18.2
2018-08-03,14XX W Lill Ave,4.21,5.06,5.78,6.1,5.69,5.44,5.58,5.42,5.89,10.6,2018,8,5.69,10.6
2018-08-03,83XX S Perry Ave,16.4,12.1,12.9,12.5,16.2,19.5,20.3,24.3,24.3,19.7,2018,8,16.4,24.3
2018-08-03,96XX S Winchester Ave,6.97,7.32,9.55,14.6,16.3,17.0,17.6,17.8,20.3,19.6,2018,8,16.3,20.3
2018-08-04,70XX N McAlpin Ave,3.69,4.84,4.92,4.9,5.53,6.0,5.53,6.64,6.49,6.8,2018,8,5.53,6.8
2018-08-06,58XX N Markham Ave,5.89,9.0,12.8,10.7,9.38,8.88,16.8,16.8,15.4,15.8,2018,8,9.38,16.8
2018-08-07,92XX S Hoyne Ave,6.32,6.85,7.03,7.24,7.32,6.98,7.12,7.63,7.81,11.3,2018,8,7.32,11.3
2018-08-09,19XX W Nelson St,13.6,15.9,22.3,20.8,19.1,19.1,16.0,14.6,16.1,15.2,2018,8,19.1,22.3
2018-08-10,32XX S Lituanica Ave,12.4,13.7,7.35,5.98,5.63,5.7,5.45,5.4,5.35,5.35,2018,8,12.4,13.7
2018-08-10,35XX S Hoyne Ave,11.3,15.0,20.6,22.1,16.4,16.4,17.6,15.8,16.7,15.5,2018,8,16.4,22.1
2018-08-11,29XX N Kenneth Ave,20.6,16.3,15.6,14.2,13.6,14.2,16.5,31.0,44.5,,2018,8,20.6,44.5
2018-08-11,62XX W Peterson Ave,13.8,6.75,8.54,16.0,19.0,20.0,19.2,19.0,20.9,21.1,2018,8,19.0,21.1
2018-08-13,61XX S Meade Ave,13.7,13.7,15.2,15.4,14.3,12.9,14.9,14.5,17.8,19.3,2018,8,14.3,19.3
2018-08-14,25XX E 96th St,6.75,7.36,6.68,6.88,19.3,22.8,19.9,17.4,17.6,18.4,2018,8,19.3,22.8
2018-08-14,30XX S Farrell St,4.7,4.94,5.62,7.46,12.4,15.6,15.2,14.1,14.0,10.8,2018,8,12.4,15.6
2018-08-14,65XX S Drexel Ave,3.48,4.09,4.06,5.23,5.56,4.93,4.61,4.68,4.72,4.4,2018,8,5.56,5.56
2018-08-16,65XX N Minnetonka Ave,23.5,30.4,27.6,24.8,26.1,27.5,25.6,24.7,35.6,32.2,2018,8,26.1,35.6
2018-08-17,19XX W Bradley Pl,3.89,4.86,0.489,5.69,8.31,10.6,10.1,10.5,11.7,12.1,2018,8,8.31,12.1
2018-08-17,62XX N Kedvale Ave,3.24,3.73,4.65,5.55,5.45,5.68,5.97,6.28,6.34,6.34,2018,8,5.45,6.34
2018-08-17,85XX S Muskegon Ave,1.57,1.72,1.47,1.61,1.63,2.38,2.76,2.53,2.73,2.68,2018,8,1.63,2.76
2018-08-18,73XX N Meade Ave,8.36,8.14,8.5,8.86,9.39,9.01,8.86,9.1,11.2,17.5,2018,8,9.39,17.5
2018-08-21,25XX N Spaulding Ave,3.68,2.92,3.01,3.41,3.2,3.19,3.15,3.42,3.43,3.42,2018,8,3.68,3.68
2018-09-10,75XX N Washtenaw Ave,7.2,15.1,12.9,18.2,19.2,19.0,17.9,16.4,15.5,15.7,2018,9,19.2,19.2
2018-09-13,34XX N Pacific Ave*******,12.2,12.5,20.8,18.2,35.4,27.0,26.6,28.3,30.2,28.0,2018,9,35.4,35.4
2018-09-13,34XX N Pacific Ave*******,12.2,12.5,20.8,18.2,35.4,27.0,26.6,28.3,30.2,28.0,2018,9,35.4,35.4
2018-09-15,29XX W Belden Ave,9.12,8.79,21.3,19.3,19.6,16.3,15.9,15.1,15.4,15.9,2018,9,19.6,21.3
2018-09-15,34XX N Kildare Ave,13.0,16.4,17.4,19.7,21.4,30.0,28.9,29.8,30.3,29.0,2018,9,21.4,30.3
2018-09-15,39XX N Keeler Ave,15.4,25.0,28.6,28.8,28.5,28.2,29.3,29.5,28.9,30.2,2018,9,28.5,30.2
2018-09-17,5XX W Aldine Ave,1.85,2.18,2.18,2.03,2.45,2.47,2.82,2.61,2.52,2.45,2018,9,2.45,2.82
2018-09-17,51XX N Menard Ave,11.8,13.2,13.6,12.0,11.6,12.4,22.5,25.4,26.6,24.0,2018,9,11.8,26.6
2018-09-18,9XX N Damen Ave,13.9,14.0,11.9,11.1,9.48,7.72,6.6,6.45,6.23,5.79,2018,9,13.9,14.0
2018-09-19,42XX W Wellington Ave,6.06,9.66,9.16,8.65,8.36,8.02,9.14,15.4,17.1,19.2,2018,9,8.36,19.2
2018-09-19,67XX N Lightfoot Ave,6.19,7.91,8.72,8.82,9.16,9.1,8.84,14.4,21.9,23.1,2018,9,9.16,23.1
2018-09-20,59XX N Hermitage Ave,4.06,4.49,5.89,8.43,7.8,7.51,11.5,15.2,15.3,14.5,2018,9,7.8,15.3
2018-09-21,24XX S Oakley Ave,3.84,4.55,5.3,5.18,5.77,7.0,7.05,7.08,7.28,7.34,2018,9,5.77,7.34
2018-09-22,17XX W School St,3.5,4.38,5.89,5.52,4.84,4.18,4.26,3.68,3.44,3.25,2018,9,4.84,5.89
2018-09-22,31XX S Kedvale Ave,12.1,20.6,24.8,24.1,22.6,12.2,21.7,29.5,33.0,22.2,2018,9,22.6,33.0
2018-09-22,59XX N Legett Ave,4.66,8.55,8.52,8.19,12.5,25.8,39.5,46.6,46.7,39.6,2018,9,12.5,46.7
2018-09-24,54XX N Bernard Ave,7.74,7.65,7.0,7.0,8.99,18.4,25.5,23.8,18.7,15.5,2018,9,8.99,25.5
2018-09-26,3XX W Wisconsin Ave,5.39,5.39,5.54,5.47,5.6,5.84,5.76,6.1,6.55,8.78,2018,9,5.6,8.78
2018-09-27,61XX N Campbell Ave,8.54,6.1,4.1,4.39,5.32,5.74,5.89,5.95,5.81,5.44,2018,9,8.54,8.54
2018-09-29,131XX S Avenue N ,11.6,16.0,16.5,15.6,16.3,17.5,22.1,31.2,36.2,36.9,2018,9,16.3,36.9
2018-10-01,14XX W Olive Ave,8.15,8.04,7.23,7.65,9.93,11.5,12.4,12.4,11.9,11.2,2018,10,9.93,12.4
2018-10-01,36XX N Kimball Ave,7.44,7.28,6.5,6.5,7.51,6.02,5.51,5.21,6.54,19.3,2018,10,7.51,19.3
2018-10-02,5XX W Dickens Ave,1.27,1.2,1.06,1.41,7.69,17.9,13.4,4.48,1.29,0.0,2018,10,7.69,17.9
2018-10-03,38XX N Seeley Ave,19.2,29.5,32.1,32.7,31.1,34.7,26.6,22.4,20.8,18.6,2018,10,31.1,34.7
2018-10-04,49XX N Hamilton Ave,1.1,0.0,0.0,1.01,1.22,2.04,1.71,1.42,1.43,2.02,2018,10,1.22,2.04
2018-10-10,29XX S Bonaparte Ave,19.8,14.9,13.7,9.66,8.59,8.27,7.04,8.7,8.87,7.71,2018,10,19.8,19.8
2018-10-16,50XX W Cornelia Ave,1.8,1.73,2.01,4.53,5.0,5.11,4.88,4.84,4.8,4.62,2018,10,5.0,5.11
2018-10-16,54XX S Harper Ave**,21.7,14.1,13.8,14.2,13.6,12.8,10.5,8.83,7.74,6.88,2018,10,21.7,21.7
2018-10-17,20XX W Willow St,2.5,4.8,7.8,6.05,6.67,5.2,3.1,2.16,2.09,1.72,2018,10,6.67,7.8
2018-10-23,60XX S Monitor Ave,3.42,3.72,4.17,4.3,4.14,4.06,4.26,6.57,12.9,18.8,2018,10,4.14,18.8
2018-10-27,25XX N Linden Pl**,14.8,25.0,39.3,39.6,34.6,29.9,31.3,36.6,38.8,10.0,2018,10,34.6,39.6
2018-10-31,14XX W Lill Ave,5.29,6.04,6.09,5.17,5.59,10.6,19.0,19.8,15.9,17.7,2018,10,5.59,19.8
2018-11-06,44XX W Jackson Blvd,8.27,10.5,18.2,19.4,14.2,11.6,10.1,9.56,9.33,9.87,2018,11,14.2,19.4
2018-11-07,45XX N Kostner Ave,1.44,2.01,1.65,1.45,1.5,1.38,1.37,2.66,1.38,1.41,2018,11,1.5,2.66
2018-11-07,50XX N Avers Ave,2.2,2.6,2.6,2.69,2.68,3.04,4.02,7.09,10.4,11.2,2018,11,2.68,11.2
2018-11-07,59XX W Byron St,6.7,8.58,13.7,18.2,16.0,13.4,15.4,20.6,22.6,21.1,2018,11,16.0,22.6
2018-11-07,6XX E Groveland Pa,8.98,7.8,8.55,10.1,14.0,18.0,22.3,22.3,20.0,18.0,2018,11,14.0,22.3
2018-11-08,25XX W Belden Ave,4.81,8.29,13.2,11.6,10.4,12.4,10.7,9.74,6.1,5.14,2018,11,10.4,13.2
2018-11-09,31XX N Seminary Ave,9.79,10.1,9.24,15.9,14.0,13.3,16.0,9.35,5.11,4.64,2018,11,14.0,16.0
2018-11-09,50XX N Avers Ave,3.79,3.75,3.91,3.89,4.09,4.22,4.28,4.14,4.18,4.61,2018,11,4.09,4.61
2018-11-15,53XX N Oketo Ave,11.2,14.3,14.9,15.8,16.6,17.5,17.5,17.6,16.6,15.4,2018,11,16.6,17.6
2018-11-15,94XX S Winchester Ave**,6.71,8.42,10.1,10.5,9.43,10.2,10.3,10.2,12.2,17.1,2018,11,9.43,17.1
2018-11-16,52XX S Mulligan Ave,2.62,3.05,2.9,2.75,3.44,11.1,11.6,9.34,9.22,11.6,2018,11,3.44,11.6
2018-11-17,22XX N Lawndale Ave,4.49,5.34,5.37,5.84,5.68,5.1,6.24,6.99,7.4,7.37,2018,11,5.68,7.4
2018-11-21,34XX N Pacific Ave*******,14.2,14.6,15.4,16.0,16.3,20.9,26.0,26.5,27.3,25.0,2018,11,16.3,27.3
2018-11-26,27XX N Mozart Ave,4.43,4.15,13.3,22.6,25.2,21.4,18.4,16.5,15.2,12.8,2018,11,25.2,25.2
2018-11-27,11XX W George ,4.5,8.74,11.9,13.4,13.6,13.9,12.7,10.9,9.61,9.14,2018,11,13.6,13.9
2018-11-27,40XX N Kolmar Ave,5.47,5.8,5.63,5.66,6.02,11.5,18.6,13.6,10.3,9.63,2018,11,6.02,18.6
2018-11-28,41XX N Lawndale Ave,12.3,6.0,7.12,5.79,5.0,4.71,4.64,4.29,2.5,1.96,2018,11,12.3,12.3
2018-11-28,42XX S Indiana Ave,3.7,4.39,4.47,4.48,4.4,4.36,4.43,4.52,4.6,4.42,2018,11,4.4,4.6
2018-11-30,52XX W Patterson ,1.9,1.93,2.17,2.17,2.26,2.3,2.45,2.54,2.65,2.74,2018,11,2.26,2.74
2018-12-04,68XX W Highland ,6.59,8.8,7.53,7.26,6.7,6.15,7.22,11.8,14.5,15.0,2018,12,6.7,15.0
2018-12-05,54XX N Bernard Ave,7.65,14.8,19.4,20.0,20.8,22.1,21.7,17.1,20.9,25.2,2018,12,20.8,25.2
2018-12-05,6XX W Arlington ,2.66,3.08,3.77,3.97,4.14,4.73,4.64,4.57,4.75,4.84,2018,12,4.14,4.84
2018-12-06,44XX N McVicker ,2.26,2.52,1.99,1.57,1.69,1.44,1.36,1.43,1.63,1.48,2018,12,2.26,2.52
2018-12-06,51XX N Newcastle ,4.84,5.7,6.92,9.52,10.1,10.8,11.2,10.9,10.0,9.28,2018,12,10.1,11.2
2018-12-06,63XX S Holbrook ,5.42,3.86,5.06,5.58,5.17,4.76,12.4,15.1,11.8,13.5,2018,12,5.42,15.1
2018-12-07,13XX W Winona St,3.85,4.02,4.3,4.52,4.48,4.18,3.89,4.03,4.03,4.03,2018,12,4.48,4.52
2018-12-07,24XX W Byron St,2.18,2.57,3.11,3.52,4.39,4.08,3.77,5.46,14.4,20.0,2018,12,4.39,20.0
2018-12-07,79XX S Carpenter ,5.37,5.79,5.74,6.55,7.29,7.41,8.48,9.46,9.81,10.5,2018,12,7.29,10.5
2018-12-07,8XX W 19th St,56.4,8.63,6.97,6.28,5.78,4.99,4.52,4.8,4.94,4.85,2018,12,56.4,56.4
2018-12-08,42XX N Mason Ave,16.0,10.4,7.56,7.8,7.65,12.6,14.6,14.0,19.7,29.1,2018,12,16.0,29.1
2018-12-10,7XX W Wrightwood ,10.9,13.4,14.3,16.1,18.6,17.8,17.1,17.8,17.5,20.6,2018,12,18.6,20.6
2018-12-11,11XX W Webster Ave,2.86,3.63,4.84,4.19,4.22,5.2,5.62,5.5,5.49,5.72,2018,12,4.22,5.72
2018-12-17,34XX N Pacific Ave*******,4.76,4.1,4.86,5.74,10.5,11.0,19.1,22.4,21.7,21.7,2018,12,10.5,22.4
2018-12-18,20XX W Cuyler ,3.66,3.46,3.34,3.75,4.4,5.14,8.05,11.6,15.6,15.2,2018,12,4.4,15.6
2018-12-18,75XX N Devon ,6.98,8.29,6.76,8.35,20.7,15.2,20.1,18.8,16.9,17.0,2018,12,20.7,20.7
2018-12-19,16XX W Hollywood ,5.02,0.762,11.8,11.0,8.73,9.09,9.69,10.8,12.2,12.5,2018,12,8.73,12.5
2018-12-19,95XX S Forest ,3.79,3.41,2.25,2.29,2.33,2.28,1.7,1.03,1.3,,2018,12,3.79,3.79
2018-12-20,25XX W Fargo ,3.97,3.28,2.3,3.0,3.87,6.17,5.31,5.18,8.1,10.5,2018,12,3.97,10.5
2018-12-21,37XX N Paulina ,8.22,7.82,9.15,8.3,6.82,6.05,6.04,5.0,4.68,2.95,2018,12,8.22,9.15
2018-12-21,61XX N Meade ,7.2,4.73,8.18,10.9,11.7,12.5,12.0,12.6,12.8,12.6,2018,12,11.7,12.8
2018-12-24,15XX N Monticello ,9.84,11.0,9.69,8.83,7.82,7.62,8.2,8.49,9.64,10.2,2018,12,9.84,11.0
2018-12-26,52XX N Bernard St,3.11,7.03,11.6,11.8,13.6,4.14,2.47,5.81,8.92,11.1,2018,12,13.6,13.6
2018-12-27,16XX W Summerdale Ave,33.9,41.3,34.9,34.9,44.4,71.4,69.1,68.1,64.3,56.3,2018,12,44.4,71.4
2018-12-28,29XX W Birchwood ,4.56,4.97,5.16,6.35,6.28,6.14,6.26,6.13,5.85,5.96,2018,12,6.28,6.35
2019-01-02,8XX W Lill Ave****,8.48,7.69,6.9,7.4,8.49,9.43,10.9,9.54,9.18,10.2,2019,1,8.49,10.9
2019-01-03,19XX W Cornelia ,21.5,29.7,32.1,33.8,36.6,39.8,27.3,26.4,24.2,21.1,2019,1,36.6,39.8
2019-01-04,41XX W Addison ,9.39,9.07,10.7,10.8,13.0,14.3,18.4,20.6,22.6,23.0,2019,1,13.0,23.0
2019-01-04,68XX N Wildwood ,3.23,5.01,6.61,10.1,11.9,10.5,10.2,9.84,9.46,10.0,2019,1,11.9,11.9
2019-01-07,11XX W Wrightwood ,5.56,5.66,4.67,4.92,5.29,6.44,6.21,5.9,6.35,5.4,2019,1,5.56,6.44
2019-01-07,40XX N Maplewood ,0.0,1.23,1.25,1.44,1.52,1.7,1.47,1.39,1.24,1.05,2019,1,1.52,1.7
2019-01-09,61XX W Dakin St**,3.26,3.49,3.44,3.8,3.82,4.84,4.79,4.29,3.75,3.03,2019,1,3.82,4.84
2019-01-14,55XX S Blackstone ,1.34,0.0,0.0,0.0,0.0,0.0,0.0,0.0,0.0,0.0,2019,1,1.34,1.34
2019-01-15,37XX N Sacramento ,4.92,6.91,8.97,8.06,11.1,11.2,11.5,12.0,10.7,9.15,2019,1,11.1,12.0
2019-01-16,68XX N Waukesha ,6.02,6.02,6.0,7.5,7.34,7.61,7.5,7.66,7.37,7.06,2019,1,7.34,7.66
2019-01-17,24XX W Pensacola ,3.02,4.2,1.89,1.91,1.71,1.82,1.66,1.64,1.43,1.3,2019,1,3.02,4.2
2019-01-17,7XX N Latrobe ,6.48,7.37,7.34,6.16,5.45,4.88,3.85,3.68,3.19,3.29,2019,1,6.48,7.37
2019-01-18,96XX S Prairie Av,6.0,6.5,8.02,9.37,11.4,13.5,12.6,10.9,18.9,2.8,2019,1,11.4,18.9
2019-01-19,XX S Oakley ,2.01,2.38,3.07,3.74,3.94,4.15,4.08,4.43,4.47,4.63,2019,1,3.94,4.63
2019-01-19,62XX W Bernice ,4.34,4.73,4.17,3.98,3.76,4.15,7.77,9.33,9.51,8.84,2019,1,4.34,9.51
2019-01-23,50XX N Normandy ,4.54,5.58,6.89,7.53,8.13,7.58,8.35,13.4,15.0,15.3,2019,1,8.13,15.3
2019-01-23,57XX W Higgins ,5.08,7.1,9.3,10.7,11.0,10.1,9.34,8.64,8.28,8.42,2019,1,11.0,11.0
2019-01-25,50XX W Winona ,1.85,3.55,3.66,3.94,4.07,4.06,4.15,4.78,6.28,7.51,2019,1,4.07,7.51
2019-01-28,28XX N Whipple ,3.49,4.48,5.71,5.09,4.78,4.75,15.0,5.98,18.5,17.6,2019,1,4.78,18.5
2019-01-28,58XX N Magnolia ,4.62,4.64,6.06,6.0,6.4,7.04,7.05,6.58,6.36,6.42,2019,1,6.4,7.05
2019-01-29,57XX N Wayne Ave**,11.3,24.6,15.0,26.0,18.0,17.6,19.6,21.2,19.7,17.3,2019,1,18.0,26.0
2019-02-04,20XX W Bradley Pl,8.54,21.4,22.6,19.8,17.6,16.2,14.8,16.5,19.4,19.1,2019,2,17.6,22.6
2019-02-04,25XX N Kimball ,9.65,13.8,17.0,16.6,16.8,17.9,16.7,15.4,14.2,14.8,2019,2,16.8,17.9
2019-02-04,39XX N Lowell ,5.89,6.71,6.62,6.74,8.16,11.0,12.2,12.8,12.9,13.2,2019,2,8.16,13.2
2019-02-05,13XX W Bryn Mawr ,5.76,6.14,6.16,6.4,6.18,6.68,7.92,7.7,8.03,9.72,2019,2,6.18,9.72
2019-02-05,9XX W Belle Plaine ,1.74,1.34,1.32,1.1,1.88,1.25,0.0,0.0,0.0,1.1,2019,2,1.88,1.88
2019-02-06,18XX N Winchester ,10.8,10.8,6.18,5.99,5.76,4.43,5.9,4.94,2.78,2.18,2019,2,10.8,10.8
2019-02-06,22XX W Shakespeare ,45.6,26.5,5.46,5.35,4.54,3.85,3.68,3.38,3.3,3.08,2019,2,45.6,45.6
2019-02-07,48XX W Cornelia ,5.27,14.1,7.71,8.71,7.34,7.28,17.1,23.5,21.8,17.9,2019,2,7.34,23.5
2019-02-07,55XX N Paris ,15.8,7.43,5.79,6.03,5.11,5.92,5.29,4.76,4.7,4.13,2019,2,15.8,15.8
2019-02-08,46XX N Kostner ,5.36,5.94,7.42,7.84,7.86,8.24,8.41,8.36,8.06,6.51,2019,2,7.86,8.41
2019-02-08,59XX N Kostner ,5.12,6.19,6.61,7.08,8.46,8.79,8.78,9.59,9.97,11.0,2019,2,8.46,11.0
2019-02-09,52XX W Oakdale ,6.91,8.27,9.37,9.24,8.96,8.84,8.47,9.63,14.2,16.6,2019,2,8.96,16.6
2019-02-09,58XX N Mason ,10.6,6.18,5.06,7.26,7.94,6.71,5.78,3.35,1.67,1.3,2019,2,10.6,10.6
2019-02-11,102XX S Forest ,3.04,4.0,4.06,5.77,9.88,9.24,9.08,7.15,4.21,2.14,2019,2,9.88,9.88
2019-02-13,17XX W Barry ,16.1,23.2,28.7,38.9,39.9,41.3,40.0,39.9,39.8,41.7,2019,2,39.9,41.7
2019-02-14,37XX W Ohio ,7.4,8.14,8.18,8.05,8.98,8.88,8.57,8.18,8.33,11.7,2019,2,8.98,11.7
2019-02-14,51XX W Wilson ,4.04,4.32,4.91,5.33,4.87,4.82,5.98,12.5,12.8,13.3,2019,2,4.87,13.3
2019-02-15,35XX W Pierce Ave,4.56,491.0,420.0,231.0,73.7,39.6,29.7,32.4,24.7,11.0,2019,2,73.7,491.0
2019-02-16,41XX N Mason ,2.67,3.45,4.01,3.97,3.97,4.17,5.1,9.93,15.4,17.2,2019,2,3.97,17.2
2019-02-23,44XX N Menard ,3.12,3.23,3.2,3.88,4.09,4.14,4.9,6.45,7.71,8.88,2019,2,4.09,8.88
2019-02-25,36XX W 107th ,9.97,17.3,17.5,24.1,27.0,23.7,23.0,21.2,17.7,15.7,2019,2,27.0,27.0
2019-02-27,35XX N Kolmar Ave,19.1,3.96,3.88,3.88,4.07,10.0,14.1,13.2,13.9,16.8,2019,2,19.1,19.1
2019-02-28,28XX W Dickens ,42.8,20.4,18.6,16.6,12.9,11.5,9.41,8.96,8.66,9.0,2019,2,42.8,42.8
2019-02-28,58XX N Lacey ,5.98,7.1,8.07,8.0,17.8,22.8,20.0,17.0,14.9,14.1,2019,2,17.8,22.8
2019-03-01,19XX N Harding ,5.62,8.64,7.8,12.6,6.77,5.8,5.49,5.04,5.3,4.8,2019,3,6.77,12.6
2019-03-01,22XX N Neva ,3.28,4.09,3.26,3.32,4.68,6.24,4.14,4.67,5.74,7.2,2019,3,4.68,7.2
2019-03-01,22XX W Greenleaf ,8.37,9.68,11.6,9.72,7.69,10.8,20.1,21.0,18.9,16.4,2019,3,8.37,21.0
2019-03-02,104XX S Avenue J ,4.58,13.0,16.9,17.0,17.2,17.8,12.9,26.8,22.6,17.7,2019,3,17.2,26.8
2019-03-06,106XX S Talman ,5.7,5.62,6.34,7.33,12.9,25.3,,15.9,14.9,14.5,2019,3,12.9,25.3
2019-03-06,21XX W Walton ,3.16,2.51,3.64,16.3,12.6,12.9,13.4,13.4,12.9,7.82,2019,3,12.6,16.3
2019-03-07,29XX W Rascher ,9.02,7.21,5.05,9.49,10.5,10.9,12.0,13.6,13.2,17.1,2019,3,10.5,17.1
2019-03-07,33XX N Ridgeway Ave,3.26,4.24,5.28,5.1,4.95,4.73,13.1,14.8,10.8,8.91,2019,3,4.95,14.8
2019-03-08,46XX S Hermitage Av,12.4,15.9,6.36,4.94,3.93,3.6,3.39,2.97,2.82,2.93,2019,3,12.4,15.9
2019-03-11,21XX N Lincoln ,4.55,3.66,9.46,9.78,9.97,10.7,11.7,13.0,12.1,12.7,2019,3,9.97,13.0
2019-03-11,93XX S Longwood ,8.16,7.79,12.6,6.94,4.76,5.56,5.94,8.39,10.3,9.53,2019,3,8.16,12.6
2019-03-12,17XX N St Michaels ,14.7,5.17,5.61,5.89,5.8,5.26,5.26,3.92,3.74,3.57,2019,3,14.7,14.7
2019-03-12,37XX W 60th Pl,6.0,6.88,6.64,6.75,7.24,7.06,6.36,5.49,5.03,4.17,2019,3,7.24,7.24
2019-03-13,18XX N Mohawk ,9.02,9.77,10.1,9.97,9.4,13.6,20.9,22.0,24.4,24.1,2019,3,9.4,24.4
2019-03-13,40XX N Kilbourn ,8.4,10.8,9.56,7.78,6.85,5.88,6.09,6.06,5.16,3.78,2019,3,8.4,10.8
2019-03-13,53XX N Luna ,6.89,7.63,9.43,10.0,10.2,17.8,18.3,17.4,24.5,32.1,2019,3,10.2,32.1
2019-03-14,27XX N McVicker ,5.63,6.13,4.49,5.84,6.91,8.78,11.3,10.1,8.29,8.17,2019,3,6.91,11.3
2019-03-15,57XX N Wayne Ave**,8.26,19.1,13.0,25.1,17.6,15.3,15.5,17.0,17.2,15.5,2019,3,17.6,25.1
2019-03-19,23XX S Marshall Blvd,0.0,0.0,1.66,1.77,1.14,0.0,0.0,0.0,0.0,0.0,2019,3,1.14,1.77
2019-03-20,76XX S Rhodes ,6.24,5.16,11.6,14.2,10.2,7.37,6.64,7.23,7.12,6.46,2019,3,10.2,14.2
2019-03-21,28XX N Monitor ,3.34,4.21,3.69,5.42,6.31,7.7,12.3,13.2,11.8,11.3,2019,3,6.31,13.2
2019-03-21,30XX W Diversey ,25.2,32.0,32.2,40.0,94.8,88.0,99.6,98.8,101.0,99.6,2019,3,94.8,101.0
2019-03-21,99XX S Longwood Dr,11.4,10.2,9.64,9.44,9.13,8.93,8.8,9.16,9.77,10.0,2019,3,11.4,11.4
2019-03-25,34XX N Pacific Ave*******,11.0,11.0,10.0,11.0,12.0,13.0,13.0,13.0,15.0,13.0,2019,3,12.0,15.0
2019-03-25,39XX N Oakley ,0.0,1.06,1.0,0.0,0.0,0.0,1.16,1.14,1.13,1.23,2019,3,0.0,1.23
2019-03-26,68XX S Claremont ,2.48,3.02,6.25,16.3,17.1,16.9,19.0,7.62,3.22,2.16,2019,3,17.1,19.0
2019-03-28,36XX N Campbell ,13.6,14.1,15.6,12.8,21.2,33.1,34.0,29.8,28.3,29.9,2019,3,21.2,34.0
2019-03-28,41XX N Major ,7.05,9.6,8.51,8.31,7.92,15.4,27.9,30.3,21.8,19.9,2019,3,7.92,30.3
2019-03-29,17XX N North Park ,2.65,4.56,12.4,14.6,18.1,23.7,24.2,19.8,17.0,14.8,2019,3,18.1,24.2
2019-03-29,32XX S Union ,7.41,6.82,10.6,10.0,12.9,15.4,15.5,12.9,10.8,9.89,2019,3,12.9,15.5
2019-03-31,27XX W Logan Blvd,4.4,6.0,16.7,16.9,15.7,14.5,12.8,11.5,11.1,10.2,2019,3,15.7,16.9
2019-04-01,13XX W Byron ,12.6,20.0,18.4,13.1,18.4,27.4,28.4,23.9,10.6,5.2,2019,4,18.4,28.4
2019-04-01,29XX W Lunt ,5.78,5.54,5.36,5.39,5.66,7.92,10.6,11.3,11.1,11.9,2019,4,5.78,11.9
2019-04-02,69XX N Greenview ,0.0,0.0,0.0,0.0,0.0,0.0,0.0,0.0,0.0,0.0,2019,4,0.0,0.0
2019-04-04,88XX S Creiger ,5.12,6.34,7.82,12.2,15.0,18.4,19.6,21.2,23.1,25.6,2019,4,15.0,25.6
2019-04-05,28XX S Kildare ,6.36,5.62,9.11,6.28,5.82,5.2,4.18,3.27,3.54,3.15,2019,4,6.36,9.11
2019-04-06,21XX W 82nd Pl,2.91,4.8,5.84,6.43,6.98,7.49,7.29,6.18,4.94,3.63,2019,4,6.98,7.49
2019-04-06,65XX N Oxford ,5.08,6.14,4.98,5.06,4.66,4.98,5.09,5.43,5.36,5.21,2019,4,5.08,6.14
2019-04-09,13XX W Cornelia ,10.8,11.2,12.0,13.6,14.2,13.6,14.6,17.6,22.3,29.0,2019,4,14.2,29.0
2019-04-09,52XX N Mason ,13.2,33.0,8.36,5.0,4.8,4.44,3.77,3.56,3.49,3.34,2019,4,13.2,33.0
2019-04-11,50XX N Melvina ,7.37,5.2,5.05,8.16,10.2,11.2,3.94,3.5,0.0,0.0,2019,4,10.2,11.2
2019-04-12,17XX W Albion ,7.64,7.76,7.88,7.3,7.04,13.6,21.5,21.0,21.3,21.6,2019,4,7.64,21.6
2019-04-13,111XX S Avenue H ,3.61,4.35,3.79,3.24,4.64,4.16,3.57,3.83,5.73,7.61,2019,4,4.64,7.61
2019-04-15,28XX W Giddings ,8.2,9.45,8.76,9.28,9.35,9.43,9.71,8.99,9.16,9.13,2019,4,9.35,9.71
2019-04-15,38XX N Kostner ,11.8,22.2,21.4,20.1,18.8,16.0,15.2,13.3,11.4,10.9,2019,4,18.8,22.2
2019-04-15,38XX N Kostner ,8.93,6.51,5.32,6.15,6.24,6.17,6.84,9.92,11.7,12.0,2019,4,8.93,12.0
2019-04-17,52XX S Mobile ,9.24,8.51,7.49,14.0,7.45,6.38,6.81,7.3,8.87,9.13,2019,4,9.24,14.0
2019-04-18,27XX N Monitor ,4.14,3.82,4.96,7.45,7.19,7.12,7.18,7.1,8.05,7.61,2019,4,7.19,8.05
2019-04-19,10XX N Marshfield ,18.9,60.8,6.63,4.86,4.47,4.44,3.91,4.04,3.74,3.56,2019,4,18.9,60.8
2019-04-19,62XX S Mason ,2.22,3.57,5.66,5.82,5.3,5.84,13.6,15.4,14.2,13.5,2019,4,5.3,15.4
2019-04-19,96XX S Seeley ,2.26,4.38,12.9,16.9,17.6,14.9,19.6,28.6,12.8,9.34,2019,4,17.6,28.6
2019-04-20,48XX N Mason ,3.06,2.33,3.93,4.69,4.69,9.21,11.1,11.3,15.0,16.2,2019,4,4.69,16.2
2019-04-20,52XX W George ,4.87,9.54,10.8,10.8,10.2,9.57,10.2,9.71,11.3,14.4,2019,4,10.2,14.4
2019-04-20,62XX N Legett ,13.5,5.93,7.24,6.5,6.14,5.86,13.8,10.4,8.79,8.54,2019,4,13.5,13.8
2019-04-22,41XX S Berkeley ,4.46,4.38,4.69,5.02,6.67,10.7,10.8,9.43,9.62,10.0,2019,4,6.67,10.8
2019-04-23,68XX N Loron ,6.55,4.11,3.41,3.14,3.09,3.05,3.26,3.38,3.66,3.76,2019,4,6.55,6.55
2019-04-26,53XX N Luna ,5.82,6.62,8.86,8.75,9.13,8.89,11.1,33.8,44.4,45.1,2019,4,9.13,45.1
2019-05-01,60XX N Mason ,3.12,7.15,6.67,10.2,14.5,14.9,15.1,17.3,16.1,15.8,2019,5,14.5,17.3
2019-05-01,73XX N Meade ,3.86,3.45,3.61,3.77,3.95,4.2,3.96,4.2,6.57,11.9,2019,5,3.95,11.9
2019-05-03,39XX W 64th Pl,7.7,7.61,9.93,10.5,10.8,11.4,18.5,28.2,29.2,30.2,2019,5,10.8,30.2
2019-05-03,56XX S Artesian ,4.98,7.91,9.73,10.1,9.41,9.12,8.88,13.4,20.5,21.9,2019,5,9.41,21.9
2019-05-07,48XX W Balmoral ,9.48,9.48,15.9,16.1,15.6,15.7,12.0,7.57,6.41,5.94,2019,5,15.6,16.1
2019-05-08,50XX N Nordica ,1.46,3.16,9.12,4.32,7.09,7.16,9.13,8.39,8.07,7.46,2019,5,7.09,9.13
2019-05-09,98XX S Greenwood ,3.74,3.29,5.35,5.55,5.95,7.48,12.6,14.8,13.8,12.0,2019,5,5.95,14.8
2019-05-10,49XX N Winchester ,5.23,7.75,11.0,12.8,18.5,17.9,16.9,15.9,13.4,11.1,2019,5,18.5,18.5
2019-05-13,47XX N Chester ,10.6,10.9,11.3,10.8,11.6,21.0,24.4,25.5,28.7,25.9,2019,5,11.6,28.7
2019-05-13,69XX N Tonty ,4.569,1.5,1.11,1.3,1.32,3.95,7.98,14.6,15.9,10.0,2019,5,4.569,15.9
2019-05-14,126XX S Harvard ,131.0,41.8,14.6,9.66,10.7,8.39,7.17,4.77,6.19,4.37,2019,5,131.0,131.0
2019-05-15,107XX S Washtenaw ,2.03,2.19,3.48,3.6,3.29,3.28,4.44,6.96,8.1,6.9,2019,5,3.29,8.1
2019-05-16,97XX S Winchester Ave,4.72,4.69,5.66,12.0,17.4,13.1,11.9,11.4,11.5,11.2,2019,5,17.4,17.4
2019-05-18,32XX W Ardmore ,6.32,10.6,13.7,20.6,13.4,16.7,16.7,16.1,17.3,16.0,2019,5,13.4,20.6
2019-05-18,51XX N Sayre ,5.33,7.2,6.65,6.69,6.48,6.49,13.8,17.3,17.6,17.0,2019,5,6.48,17.6
2019-05-20,107XX S Talman ,2.79,5.03,5.34,3.99,4.03,4.09,4.38,8.2,10.9,11.0,2019,5,4.03,11.0
2019-05-20,24XX W Coyle ,3.78,4.22,5.44,6.16,8.06,10.6,13.6,14.4,13.5,12.1,2019,5,8.06,14.4
2019-05-21,39XX W 84th Pl,30.2,21.1,22.2,11.2,13.8,12.4,15.9,16.1,15.4,15.5,2019,5,30.2,30.2
2019-05-23,62XX W 64th St,11.1,11.0,14.1,14.7,16.3,19.8,19.7,17.7,18.4,16.5,2019,5,16.3,19.8
2019-05-25,50XX W Fletcher ,3.42,7.87,6.76,10.1,12.2,13.1,13.0,11.9,10.0,9.67,2019,5,12.2,13.1
2019-05-25,78XX S Rhodes ,7.64,11.6,12.1,13.0,12.9,12.6,13.5,14.3,22.4,30.1,2019,5,12.9,30.1
2019-05-28,33XX N Odell ,3.46,4.36,4.57,4.67,4.82,4.93,5.0,5.04,4.48,4.12,2019,5,4.82,5.04
2019-05-29,53XX S Cornell ,0.0,0.0,0.0,0.0,0.0,0.0,0.0,0.0,0.0,0.0,2019,5,0.0,0.0
2019-05-30,62XX W Berenice ,2.0,2.1,2.58,3.44,3.39,3.25,3.94,6.32,13.7,18.7,2019,5,3.39,18.7
2019-05-30,99XX S Lasalle ,2.49,6.44,4.2,4.56,5.02,5.32,5.88,7.03,7.02,6.88,2019,5,5.02,7.03
2019-05-31,38XX N Albany ,0.0,0.0,0.0,1.5,1.29,1.77,2.32,2.37,2.62,2.53,2019,5,1.29,2.62
2019-05-31,44XX N Lacrosse ,6.79,7.7,6.73,5.9,9.61,16.2,15.3,15.6,15.3,14.5,2019,5,9.61,16.2
2019-06-01,67XX W 56th St,2.95,2.74,2.9,3.18,5.34,5.69,6.89,6.44,9.89,12.5,2019,6,5.34,12.5
2019-06-01,87XX S Constance ,2.03,2.47,3.4,3.78,3.73,5.68,16.6,15.9,14.4,14.0,2019,6,3.73,16.6
2019-06-01,88XX S Parnell ,6.38,6.6,6.42,8.05,12.1,12.1,14.5,15.7,16.4,18.1,2019,6,12.1,18.1
2019-06-03,45XX W Altgeld St,20.0,31.9,38.3,38.8,34.7,30.0,26.4,24.9,23.5,21.8,2019,6,34.7,38.8
2019-06-03,68XX N Osceola ,213.0,8.36,5.59,5.2,7.53,10.2,22.1,30.7,18.0,13.1,2019,6,213.0,213.0
2019-06-03,74XX N Octavia ,5.44,6.23,6.74,7.14,10.9,6.9,18.2,17.9,16.2,13.7,2019,6,10.9,18.2
2019-06-04,65XX W 60th St,7.5,8.33,10.1,10.6,10.4,11.0,11.2,11.0,10.4,9.84,2019,6,10.4,11.2
2019-06-05,48XX W Berteau ,9.35,22.5,19.1,18.4,16.9,17.1,16.1,13.2,8.06,7.24,2019,6,16.9,22.5
2019-06-05,55XX N Wayne ,9.15,10.0,12.1,12.3,11.1,11.1,9.91,9.27,8.76,8.05,2019,6,11.1,12.3
2019-06-05,56XX S Parkside ,6.93,7.65,7.38,7.93,8.71,8.57,10.4,19.44,22.5,22.7,2019,6,8.71,22.7
2019-06-06,15XX E 76th Pl,9.42,16.2,10.8,7.88,6.75,6.11,6.55,6.38,7.64,8.26,2019,6,9.42,16.2
2019-06-06,35XX N Lowell ,5.8,8.5,30.9,38.2,25.1,20.6,18.7,16.6,21.2,20.4,2019,6,25.1,38.2
2019-06-06,50XX N Natchez ,3.93,3.54,4.16,3.48,3.35,3.62,5.79,8.64,10.7,12.0,2019,6,3.93,12.0
2019-06-07,38XX N Paris ,6.04,5.25,6.84,6.98,7.36,8.23,10.3,15.9,16.5,17.3,2019,6,7.36,17.3
2019-06-07,39XX N Mobile ,5.67,2.92,4.11,20.2,8.04,13.2,9.53,11.4,8.96,5.61,2019,6,8.04,20.2
2019-06-08,41XX N Springfield ,10.1,10.1,10.4,10.3,13.3,15.4,13.3,19.7,20.8,18.0,2019,6,13.3,20.8
2019-06-10,37XX W 103rd St,5.28,5.24,5.41,6.09,8.81,15.3,17.6,18.1,18.7,18.6,2019,6,8.81,18.7
2019-06-10,83XX S Seeley ,4.08,5.51,18.3,22.2,22.6,22.0,21.2,19.4,16.8,16.4,2019,6,22.6,22.6
2019-06-11,59XX W Midway Park ,7.51,17.7,33.4,26.8,21.2,19.6,19.3,18.1,14.7,13.6,2019,6,21.2,33.4
2019-06-11,59XX S Major ,4.02,5.32,6.63,6.34,6.07,6.38,6.84,17.4,23.2,22.8,2019,6,6.07,23.2
2019-06-13,20XX W Addison ,7.97,23.4,33.7,43.4,43.2,44.9,46.2,48.1,46.2,41.3,2019,6,43.2,48.1
2019-06-13,53XX S Rutherford ,2.93,3.46,4.06,4.04,4.12,4.83,8.58,13.0,13.9,13.4,2019,6,4.12,13.9
2019-06-14,130XX S Muskegon ,3.34,2.51,2.7,2.99,3.52,4.14,4.74,5.06,5.2,5.84,2019,6,3.52,5.84
2019-06-14,89XX S Carpenter ,2.36,3.9,0.66,3.03,4.15,4.15,3.65,3.6,3.63,3.33,2019,6,4.15,4.15
2019-06-15,40XX N Hamlin ,7.26,0.0,0.0,0.0,0.0,0.0,0.0,0.0,0.0,0.0,2019,6,7.26,7.26
2019-06-17,32XX N Albany ,4.27,6.14,7.16,13.2,14.0,11.6,9.96,8.56,6.4,6.88,2019,6,14.0,14.0
2019-06-17,44XX W Ainslie ,2.61,3.54,2.89,2.53,3.19,4.12,4.75,4.88,4.69,4.47,2019,6,3.19,4.88
2019-06-17,67XX N Ashland ,3.97,4.5,4.63,4.81,4.73,7.25,14.0,24.2,26.1,20.2,2019,6,4.73,26.1
2019-06-18,104XX S Albany ,1.01,1.67,2.46,3.39,5.08,4.63,4.61,4.79,4.63,3.52,2019,6,5.08,5.08
2019-06-18,16XX W Jarvis ,6.9,7.55,9.56,15.8,25.4,23.8,22.2,24.3,21.9,30.2,2019,6,25.4,30.2
2019-06-18,38XX N Sacramento ,5.61,13.3,11.9,15.3,11.1,12.6,17.0,21.0,23.0,22.0,2019,6,11.1,23.0
2019-06-18,XX W Burton Pl,5.79,5.23,5.38,5.38,5.16,5.3,6.11,7.97,8.74,9.27,2019,6,5.79,9.27
2019-06-19,34XX W 116th St,5.18,8.91,11.8,10.0,13.4,29.6,33.2,28.4,27.8,28.4,2019,6,13.4,33.2
2019-06-19,50XX N Nordica ,5.62,9.63,8.36,13.0,16.8,20.4,19.4,14.2,20.5,19.1,2019,6,16.8,20.5
2019-06-20,58XX N Bernard ,5.03,5.19,3.85,3.38,15.0,3.62,3.99,3.68,3.29,3.11,2019,6,15.0,15.0
2019-06-21,17XX N Normandy ,4.21,3.6,4.04,4.33,4.23,4.67,8.44,16.4,23.0,25.2,2019,6,4.23,25.2
2019-06-21,27XX W Augusta ,7.17,8.41,13.2,22.0,15.7,13.7,13.5,13.9,15.8,16.1,2019,6,15.7,22.0
2019-06-21,65XX N Onarga ,4.5,4.9,4.92,5.68,5.43,5.74,5.71,6.68,12.8,14.4,2019,6,5.43,14.4
2019-06-22,54XX W Gettysburg ,4.35,4.32,4.04,3.03,3.02,4.5,7.62,9.84,10.6,10.0,2019,6,4.35,10.6
2019-06-24,20XX N Dayton ,1.42,1.03,0.0,0.0,0.0,0.0,0.0,0.0,0.0,0.0,2019,6,1.42,1.42
2019-06-24,33XX W Adams ,9.43,12.5,20.4,10.8,14.6,25.0,17.1,14.6,14.4,15.6,2019,6,14.6,25.0
2019-06-25,40XX N Major ,1.06,1.0,1.9,2.19,1.93,1.78,2.03,1.84,2.5,2.62,2019,6,1.93,2.62
2019-06-25,67XX N Avondale ,6.5,6.22,6.44,6.29,6.16,8.89,19.5,24.1,23.0,22.6,2019,6,6.5,24.1
2019-06-27,60XX N Landers ,5.78,5.28,5.42,7.53,7.61,7.29,7.72,8.63,12.4,25.7,2019,6,7.61,25.7
2019-06-27,73XX N Odell ,4.4,5.46,5.8,5.84,8.14,18.4,22.1,23.6,20.1,27.4,2019,6,8.14,27.4
2019-06-28,17XX W 100th Pl,3.75,4.0,4.45,7.69,5.72,6.74,8.99,11.9,15.3,16.2,2019,6,5.72,16.2
2019-06-28,29XX N Troy ,3.66,5.23,8.14,9.21,9.46,10.9,11.0,10.6,10.6,10.3,2019,6,9.46,11.0
2019-06-28,53XX S Neva ,5.6,5.56,5.84,6.16,6.48,7.07,7.54,8.08,7.66,8.16,2019,6,6.48,8.16
2019-06-29,114XX S St Lawrence ,57.2,17.7,29.9,34.2,22.1,18.0,16.2,8.86,7.25,6.39,2019,6,57.2,57.2
2019-06-29,59XX N Bernard ,2.83,3.35,3.02,3.06,2.92,0.02,2.85,2.81,2.88,2.75,2019,6,2.92,3.35
2019-07-02,116XX S Aberdeen ,4.41,5.28,6.78,5.93,6.41,8.2,11.0,11.2,14.5,13.1,2019,7,6.41,14.5
2019-07-02,21XX W 115th St,8.6,3.05,3.35,4.54,4.68,8.08,13.9,15.8,16.0,16.9,2019,7,8.6,16.9
2019-07-02,30XX N Francisco ,2.85,4.48,5.31,6.65,7.38,9.14,10.9,14.2,16.5,15.5,2019,7,7.38,16.5
2019-07-02,49XX N Central Park ,7.83,3.57,8.64,11.0,10.6,9.52,8.75,9.12,9.82,12.6,2019,7,10.6,12.6
2019-07-02,91XX S Creiger ,2.59,3.89,8.43,9.64,10.0,12.1,12.5,12.4,11.8,10.6,2019,7,10.0,12.5
2019-07-03,52XX S New England  ,6.5,5.38,5.2,5.81,6.04,5.82,15.2,31.4,33.2,30.9,2019,7,6.5,33.2
2019-07-05,121XX S Throop ,29.2,33.0,33.4,37.8,46.8,48.0,48.2,49.4,52.2,57.2,2019,7,46.8,57.2
2019-07-08,29XX W Eastwood ,9.56,8.85,17.8,28.0,29.0,27.9,27.2,25.6,23.6,21.3,2019,7,29.0,29.0
2019-07-08,98XX S Calumet ,8.04,9.4,9.29,10.1,13.3,17.7,18.3,21.8,21.8,18.6,2019,7,13.3,21.8
2019-07-09,41XX N Kilbourn ,13.2,22.3,26.8,27.7,29.9,33.0,29.8,28.9,28.3,26.9,2019,7,29.9,33.0
2019-07-09,50XX N Kilbourn ,4.58,4.54,7.38,10.6,14.0,12.8,11.2,5.14,4.09,3.72,2019,7,14.0,14.0
2019-07-09,62XX N Greenview ,2.57,2.4,2.33,2.38,2.45,3.65,4.74,5.72,5.9,5.78,2019,7,2.57,5.9
2019-07-10,16XX N Mobile ,5.23,5.3,5.32,5.71,6.06,10.4,17.6,19.1,19.2,18.5,2019,7,6.06,19.2
2019-07-10,17XX N Narragansett ,11.7,15.0,18.7,16.8,14.5,16.0,20.4,23.0,29.2,27.8,2019,7,14.5,29.2
2019-07-11,81XX S Hermitage ,1.96,2.6,2.9,3.11,3.67,3.49,3.44,3.34,3.45,4.73,2019,7,3.67,4.73
2019-07-11,88XX S Union ,5.16,5.62,7.04,8.11,10.9,12.1,11.7,11.6,16.5,28.2,2019,7,10.9,28.2
2019-07-12,16XX W Lunt ,6.02,7.16,9.54,8.31,12.4,18.0,22.1,28.1,27.0,26.2,2019,7,12.4,28.1
2019-07-12,22XX W Lunt ,11.7,12.7,15.1,26.9,42.3,44.7,42.0,36.8,35.1,33.1,2019,7,42.3,44.7
2019-07-12,66XX N Maplewood ,11.0,13.4,12.4,12.0,10.7,11.0,12.5,27.6,37.3,34.9,2019,7,11.0,37.3
2019-07-12,90XX S Clyde ,12.7,10.9,14.2,18.2,22.2,23.7,23.3,24.1,23.3,22.6,2019,7,22.2,24.1
2019-07-15,111XX S Maplewood ,4.86,4.02,5.9,4.49,4.88,4.78,8.68,19.3,19.9,19.0,2019,7,4.88,19.9
2019-07-15,112XX S Fairfield ,6.59,6.65,6.34,7.47,12.0,15.3,13.9,14.5,15.9,14.0,2019,7,12.0,15.9
2019-07-15,13XX W Granville ,10.2,12.3,12.3,12.8,12.5,11.9,1.4,12.1,10.7,10.2,2019,7,12.5,12.8
2019-07-15,16XX W Berwyn ,9.06,6.96,7.08,7.0,6.95,7.19,7.62,7.21,7.28,7.58,2019,7,9.06,9.06
2019-07-15,58XX N Overhill ,5.23,4.63,5.31,7.65,7.54,7.32,7.68,9.42,13.4,14.9,2019,7,7.54,14.9
2019-07-15,89XX S Halsted ,15.2,15.6,16.8,19.3,15.0,12.8,17.8,28.0,34.2,39.4,2019,7,15.2,39.4
2019-07-16,60XX W Grace ,1.46,2.12,2.36,3.57,4.54,3.55,3.09,2.73,2.65,2.58,2019,7,4.54,4.54
2019-07-17,111XX S Washtenaw ,16.7,28.8,34.1,36.3,35.6,30.9,30.2,31.1,31.2,32.4,2019,7,35.6,36.3
2019-07-17,13XX E 55th Pl,5.2,8.37,12.6,13.7,12.2,11.9,11.4,11.2,10.3,7.89,2019,7,12.2,13.7
2019-07-17,37XX N Richmond ,6.32,5.72,4.09,3.95,10.6,19.2,20.6,20.2,12.0,13.6,2019,7,10.6,20.6
2019-07-17,73XX N Bell,7.3,7.38,7.6,8.25,8.6,10.4,14.1,19.3,26.6,30.0,2019,7,8.6,30.0
2019-07-18,113XX S Avenue L ,11.0,12.7,11.7,17.5,21.9,27.0,25.5,25.3,26.6,25.6,2019,7,21.9,27.0
2019-07-18,38XX N Paulina ,7.49,10.9,19.9,25.3,26.7,23.8,22.0,18.1,17.0,15.4,2019,7,26.7,26.7
2019-07-18,38XX N Newland ,11.6,10.5,6.35,5.5,5.51,7.11,8.74,10.8,10.7,10.7,2019,7,11.6,11.6
2019-07-18,41XX S Ellis ,22.0,29.0,31.3,28.6,26.8,25.5,24.4,23.5,22.3,20.8,2019,7,26.8,31.3
2019-07-18,45XX S Greenwood ,1.25,1.05,0.0,0.0,0.0,0.0,0.0,1.14,1.25,1.04,2019,7,1.25,1.25
2019-07-18,64XX N Oxford ,2.52,9.27,18.9,17.9,17.1,14.6,11.7,10.3,8.98,8.34,2019,7,17.1,18.9
2019-07-19,45XX N Bernard ,4.64,5.22,9.26,6.44,6.38,6.45,6.56,7.06,6.81,7.63,2019,7,6.38,9.26
2019-07-19,51XX S Nordica ,5.88,4.15,6.86,8.32,6.92,7.28,8.44,11.7,17.0,15.3,2019,7,6.92,17.0
2019-07-19,52XX N Oleander ,13.4,15.7,22.7,35.3,35.5,35.4,25.2,29.8,32.3,31.4,2019,7,35.5,35.5
2019-07-19,62XX W Berenice ,4.32,5.22,6.5,6.51,10.7,26.1,26.8,20.3,25.1,26.5,2019,7,10.7,26.8
2019-07-20,72XX N Odell ,4.06,3.86,4.16,4.45,5.41,6.03,5.77,6.53,7.15,14.7,2019,7,5.41,14.7
2019-07-22,19XX W Fletcher ,16.0,17.2,13.5,13.7,16.1,19.5,23.5,22.2,19.8,17.2,2019,7,16.1,23.5
2019-07-22,22XX W Walton ,6.72,17.0,19.1,17.0,12.0,11.6,10.9,10.4,9.7,7.55,2019,7,12.0,19.1
2019-07-22,37XX N Lawndale ,3.01,3.27,3.87,4.5,5.08,4.88,5.09,8.4,11.2,12.1,2019,7,5.08,12.1
2019-07-22,63XX N Oak Park ,7.76,9.13,11.0,10.9,13.0,16.5,22.6,26.7,23.5,23.8,2019,7,13.0,26.7
2019-07-22,94XX S Green ,4.02,4.44,4.33,4.76,7.0,7.77,8.86,12.1,13.9,14.1,2019,7,7.0,14.1
2019-07-23,28XX W Coyle ,5.92,4.85,5.82,6.01,6.07,5.65,7.6,9.73,10.0,10.4,2019,7,6.07,10.4
2019-07-24,49XX N Hamilton ,16.6,23.4,33.6,33.3,27.5,22.5,20.7,19.6,18.1,13.9,2019,7,27.5,33.6
2019-07-24,62XX N Wayne ,3.93,4.69,4.84,4.48,4.21,4.6,4.98,4.89,4.77,5.9,2019,7,4.21,5.9
2019-07-24,88XX S Racine ,2.3,3.06,2.63,2.54,3.27,3.49,3.4,3.63,4.13,3.57,2019,7,3.27,4.13
2019-07-25,62XX N Mandell ,7.47,8.2,9.48,10.7,22.0,36.9,40.6,40.2,38.0,38.1,2019,7,22.0,40.6
2019-07-26,38XX N Hoyne ,3.2,5.46,3.73,3.7,3.98,5.0,12.0,19.6,20.3,23.6,2019,7,3.98,23.6
2019-07-27,41XX N Hermitage ,5.83,6.64,6.67,6.73,6.8,9.07,13.0,17.4,19.1,19.7,2019,7,6.8,19.7
2019-07-27,57XX N West Circle ,7.03,7.09,7.8,8.44,11.0,22.3,32.6,24.1,21.5,20.2,2019,7,11.0,32.6
2019-07-29,27XX W Logan Blvd,18.0,18.0,17.1,17.4,17.6,18.1,17.9,18.3,18.4,18.2,2019,7,18.0,18.4
2019-07-29,55XX N Sawyer ,7.85,8.34,8.89,9.15,10.2,11.3,11.5,12.1,12.7,12.2,2019,7,10.2,12.7
2019-07-29,75XX N Ottawa ,5.21,6.37,7.15,6.58,6.24,6.22,12.8,21.5,21.3,19.8,2019,7,6.24,21.5
2019-07-30,26XX N New England  ,6.92,16.3,13.2,9.84,9.82,10.3,9.68,10.0,9.73,9.43,2019,7,9.82,16.3
2019-07-30,48XX W Homer ,2.34,4.42,7.96,7.22,5.92,5.56,4.72,4.26,4.72,5.51,2019,7,5.92,7.96
2019-07-30,51XX S Albany ,29.7,39.6,36.8,32.4,30.2,29.7,29.3,28.7,28.5,26.9,2019,7,30.2,39.6
2019-07-30,55XX S Kimbark ,3.59,3.45,3.38,3.47,3.49,3.2,3.55,3.86,4.55,5.18,2019,7,3.59,5.18
2019-07-30,76XX S Maryland ,31.0,37.1,54.4,54.6,51.2,51.2,50.3,40.8,37.6,32.6,2019,7,51.2,54.6
2019-07-31,28XX N Sawyer ,6.07,6.75,5.76,5.56,4.84,4.47,4.22,4.18,4.03,3.59,2019,7,6.07,6.75
2019-07-31,54XX W Wilson ,3.51,4.46,5.4,6.38,6.4,6.46,6.8,8.54,9.31,11.6,2019,7,6.4,11.6
2019-07-31,65XX W Highland ,9.75,6.49,5.63,5.5,5.5,5.49,5.35,5.533,5.86,6.43,2019,7,9.75,9.75
2019-07-31,84XX S Drexel ,15.3,10.6,16.5,15.8,16.6,22.1,25.2,27.1,25.5,26.9,2019,7,16.6,27.1
2019-08-01,20XX W Moffat ,22.9,33.1,31.8,26.6,27.6,25.5,23.8,20.1,14.2,10.1,2019,8,27.6,33.1
2019-08-02,132XX S Avenue N ,7.8,7.61,16.9,32.8,25.8,24.4,24.7,22.9,24.7,30.6,2019,8,25.8,32.8
2019-08-03,83XX S Prairie ,2.25,2.64,4.08,4.17,4.53,5.04,4.35,4.17,8.26,11.3,2019,8,4.53,11.3
2019-08-05,34XX N Kilbourn ,4.42,5.05,5.58,9.78,18.7,20.9,20.2,18.7,15.6,13.4,2019,8,18.7,20.9
2019-08-05,62XX N Le Mai ,11.2,14.5,36.7,28.8,19.4,19.2,21.5,17.6,26.2,37.6,2019,8,19.4,37.6
2019-08-05,93XX S Calumet ,10.6,8.89,7.38,6.58,5.66,4.6,4.36,4.46,4.29,4.53,2019,8,10.6,10.6
2019-08-05,98XX S Ingleside ,6.21,7.4,8.69,9.89,9.99,10.6,15.1,19.0,21.0,22.0,2019,8,9.99,22.0
2019-08-06,113XX S Talman ,6.37,6.17,6.43,6.24,6.36,8.88,24.2,33.7,36.1,37.1,2019,8,6.37,37.1
2019-08-06,84XX S Bennett ,2.74,2.38,2.68,3.77,6.18,7.97,7.97,7.9,7.32,6.85,2019,8,6.18,7.97
2019-08-07,29XX N Racine ,6.98,6.94,6.6,18.8,22.2,21.3,21.0,22.1,19.7,18.5,2019,8,22.2,22.2
2019-08-07,90XX S Harper ,2.93,2.95,4.2,3.96,3.38,3.12,3.19,3.2,5.04,8.36,2019,8,3.38,8.36
2019-08-08,6XX W Oakdale ,9.17,9.52,16.3,24.7,26.7,26.4,25.2,24.8,24.9,23.5,2019,8,26.7,26.7
2019-08-09,44XX N Cicero ,3.04,4.19,10.8,10.1,8.51,6.86,7.24,7.2,11.1,13.0,2019,8,8.51,13.0
2019-08-12,64XX N Le Mai ,8.42,9.23,11.0,13.1,13.9,13.6,13.7,17.9,33.8,38.2,2019,8,13.9,38.2
2019-08-14,16XX W Berwyn ,7.9,9.98,12.5,18.9,23.0,21.1,15.1,12.6,16.2,12.9,2019,8,23.0,23.0
2019-08-16,63XX W Fitch ,9.34,6.49,7.48,10.1,18.6,28.1,28.9,29.2,28.9,26.6,2019,8,18.6,29.2
2019-08-17,33XX N Neva ,3.68,4.4,6.21,7.14,8.25,15.0,18.9,18.8,21.8,22.4,2019,8,8.25,22.4
2019-09-16,33XX W Pacific ,8.1,8.9,10.0,11.0,1.0,16.0,18.0,18.0,20.0,25.0,2019,9,8.1,25.0
